,transaction_id,date,account,description,info,amount_orig,class,category,sub_category,rule_id,source_file,share,amount,owner,split
0,69cf16b04d508fd2b370f00f3e4f1b24416fb9c42b949bef9db00593818c3876,2023-12-31,nnsr,Arbor Realty Trust,Salkku 1,8249.99,varat,sijoitusvarallisuus,osinkosalkku,10,nnsr.csv,1.0,8249.99,mkk,False
1,c4802f31174dcba7b17ddf3716469524f97ad52a8b5470902f4bdb799891cef0,2023-01-31,nnsr,Arbor Realty Trust,Salkku 1,8239.58,varat,sijoitusvarallisuus,osinkosalkku,10,nnsr.csv,1.0,8239.58,mkk,False
2,2fc34542f6a4ee6c55c5fcf8815389e7d58f23a24b90c405f3a56bd2263fdc16,2023-11-30,nnsr,Arbor Realty Trust,Salkku 1,6879.18,varat,sijoitusvarallisuus,osinkosalkku,10,nnsr.csv,1.0,6879.18,mkk,False
3,6cf5b9368b27c61b8b9a664e9ec262e89892251a57614b4673c84c783a201509,2023-02-27,nnsr,Arbor Realty Trust,Salkku 1,8552.46,varat,sijoitusvarallisuus,osinkosalkku,10,nnsr.csv,1.0,8552.46,mkk,False
4,50d5a8057b71e12c0d76eaf3a9811673d2217356fb05c72e70f842d49c78f902,2023-03-31,nnsr,Arbor Realty Trust,Salkku 1,6355.66,varat,sijoitusvarallisuus,osinkosalkku,10,nnsr.csv,1.0,6355.66,mkk,False
5,57dc5e15e3a10dbb0864933b582d0fe21898b0db602a3038bb7e30ffd8483c43,2023-06-30,nnsr,Arbor Realty Trust,Salkku 1,8147.25,varat,sijoitusvarallisuus,osinkosalkku,10,nnsr.csv,1.0,8147.25,mkk,False
6,b05e9de38921da5b0356d38d61679818a26e8f9b81402b650e38cb6c0eb55a36,2024-01-31,nnsr,Arbor Realty Trust,Salkku 1,8239.58,varat,sijoitusvarallisuus,osinkosalkku,10,nnsr.csv,1.0,8239.58,mkk,False
7,74d8e4624d8525c5f37c79c5a2968b6974e891f49db394c107eec4f4f24035de,2023-05-31,nnsr,Arbor Realty Trust,Salkku 1,7080.47,varat,sijoitusvarallisuus,osinkosalkku,10,nnsr.csv,1.0,7080.47,mkk,False
8,dfb404c06cfb64376c51f0d467eb2eb1225cb5d47598f0dd66598081d00bbbd0,2023-04-30,nnsr,Arbor Realty Trust,Salkku 1,6245.23,varat,sijoitusvarallisuus,osinkosalkku,10,nnsr.csv,1.0,6245.23,mkk,False
9,6e375004ef78fb7891401b62622acb081ae388bdc92b0ba19e717a3a29568b73,2023-07-31,nnsr,Arbor Realty Trust,Salkku 1,9227.57,varat,sijoitusvarallisuus,osinkosalkku,10,nnsr.csv,1.0,9227.57,mkk,False
10,08568b96583cd2e212060ff9d33d169d6693ab89b64cc6a483adc38bf18ce418,2023-09-30,nnsr,Arbor Realty Trust,Salkku 1,8614.75,varat,sijoitusvarallisuus,osinkosalkku,10,nnsr.csv,1.0,8614.75,mkk,False
11,830d11c0a38dd3e971a1fbbdc768518205a8fefef385fe2e08970232995a3c7d,2024-02-28,nnsr,Arbor Realty Trust,Salkku 1,8239.58,varat,sijoitusvarallisuus,osinkosalkku,10,nnsr.csv,1.0,8239.58,mkk,False
12,ace5bff07bcfb85fd5e5354d028332a3e9c0d384b10547417097774a5bbb940f,2023-10-31,nnsr,Arbor Realty Trust,Salkku 1,7155.15,varat,sijoitusvarallisuus,osinkosalkku,10,nnsr.csv,1.0,7155.15,mkk,False
13,12a18dd9a05a126bd1db199b50ebacf3ac06d811a01ef32bd1a874f7250a05cb,2023-08-31,nnsr,Arbor Realty Trust,Salkku 1,8830.95,varat,sijoitusvarallisuus,osinkosalkku,10,nnsr.csv,1.0,8830.95,mkk,False
14,923ac1325da12d28ac173af640ea3561aff539a515b23d0f111e474ab6b28585,2023-09-30,varat,Asunto,,100000.0,varat,asunto,.*,1,varat.csv,1.0,100000.0,mkk,False
15,4fcb2537445a1468193aecc5746f8e60b9808ad7f9c4a82e6485090e01908624,2023-11-30,varat,Asunto,,100000.0,varat,asunto,.*,1,varat.csv,1.0,100000.0,mkk,False
16,26d29db77b72ccf2d0eb0dd5b8c3384bf3ec6b173ca5819aca08361983234031,2023-12-31,varat,Asunto,,100000.0,varat,asunto,.*,1,varat.csv,1.0,100000.0,mkk,False
17,85aba269e6bba1d8f47f8ee83bbd72710f95a4de90750e12f20d9aae48296cd7,2024-02-28,varat,Asunto,,100000.0,varat,asunto,.*,1,varat.csv,1.0,100000.0,mkk,False
18,a4d1997964e5580baced7085f566f9221f7ad8a9c6909785b1e07ea7fba8853e,2023-06-30,varat,Asunto,,100000.0,varat,asunto,.*,1,varat.csv,1.0,100000.0,mkk,False
19,44f909236771e4b0dfaceeeaf8e312e374d380bb3827dba298fa01198ca95c78,2023-10-31,varat,Asunto,,100000.0,varat,asunto,.*,1,varat.csv,1.0,100000.0,mkk,False
20,e8ebbce8f8da75560327c56cd24ab2b39054d9b3ee5afb7f6947daf90d31cbe2,2023-05-31,varat,Asunto,,100000.0,varat,asunto,.*,1,varat.csv,1.0,100000.0,mkk,False
21,7ebf2423269fd3603354f96e6fd996d1a55bccd5a0dcd0a609021c7554654015,2023-04-30,varat,Asunto,,100000.0,varat,asunto,.*,1,varat.csv,1.0,100000.0,mkk,False
22,586397a1b063736e6d9b97ce5a34c6db953780250abf1f9d5d97d4fa8b4caf7f,2024-01-31,varat,Asunto,,100000.0,varat,asunto,.*,1,varat.csv,1.0,100000.0,mkk,False
23,9c7fe04337a383f22acd2c1426ab4e030a03d7a76f3cff9ea2e5c770b7239afe,2023-01-31,varat,Asunto,,100000.0,varat,asunto,.*,1,varat.csv,1.0,100000.0,mkk,False
24,ec087aae975084d5bc1195ce4650004c46c73512562a4c0003d38776b48effca,2023-08-31,varat,Asunto,,100000.0,varat,asunto,.*,1,varat.csv,1.0,100000.0,mkk,False
25,6a0583f31371ca5e16467c4c23438c975d0bbf229fe069ccf13ace036c0dfec4,2023-03-31,varat,Asunto,,100000.0,varat,asunto,.*,1,varat.csv,1.0,100000.0,mkk,False
26,50c346f646b9b471bbafefd818a247745404e11cfddcd1d50728c1995a714c1f,2023-07-31,varat,Asunto,,100000.0,varat,asunto,.*,1,varat.csv,1.0,100000.0,mkk,False
27,352d57d5f03e9e10d8bca7b9730c2dcaa79d3a6d825f87a6642f0ae49814a70e,2023-02-28,varat,Asunto,,100000.0,varat,asunto,.*,1,varat.csv,1.0,100000.0,mkk,False
28,494edd5bd840c7328b4fd1c27a194b637b724df8c90e2e88767df47345084082,2023-09-30,nnsr,Bank Of Nova Scotia,Salkku 1,28192.33,varat,sijoitusvarallisuus,osinkosalkku,10,nnsr.csv,1.0,28192.33,mkk,False
29,fd7b39f7ac11208680531f6aaf75bad0ca7cef817142662918b97b4a961ff34a,2024-02-28,nnsr,Bank Of Nova Scotia,Salkku 1,17428.91,varat,sijoitusvarallisuus,osinkosalkku,10,nnsr.csv,1.0,17428.91,mkk,False
30,791ad63d6d294485e993dda6c4b2d3fc51a2ac1fa2f3b02ca7fab7cf4c688139,2023-11-30,nnsr,Bank Of Nova Scotia,Salkku 1,27330.59,varat,sijoitusvarallisuus,osinkosalkku,10,nnsr.csv,1.0,27330.59,mkk,False
31,82a88a6ddb34fcb3126a7decfdbc2af89d8a3f66f791f4f7f3973c47a926bcb4,2023-04-30,nnsr,Bank Of Nova Scotia,Salkku 1,15858.1,varat,sijoitusvarallisuus,osinkosalkku,10,nnsr.csv,1.0,15858.1,mkk,False
32,4ed1321341e3574e13c5d5dd75d069e984935a23a66caf857abb895ca75a229c,2023-06-30,nnsr,Bank Of Nova Scotia,Salkku 1,16046.62,varat,sijoitusvarallisuus,osinkosalkku,10,nnsr.csv,1.0,16046.62,mkk,False
33,2a11f1a32ddfa5656e64318dae03ab1fec36c204cfe571524d3184ebb075eeb7,2023-10-31,nnsr,Bank Of Nova Scotia,Salkku 1,25456.68,varat,sijoitusvarallisuus,osinkosalkku,10,nnsr.csv,1.0,25456.68,mkk,False
34,96d13f38404adaf33c38a3595852a510f54b93437aad26ee3aa5740dff1e0c56,2023-02-27,nnsr,Bank Of Nova Scotia,Salkku 1,17372.94,varat,sijoitusvarallisuus,osinkosalkku,10,nnsr.csv,1.0,17372.94,mkk,False
35,884ff6324d609633de8258c55e18fd519784bfe04af0cf4afd44a6a27568b7e3,2023-03-31,nnsr,Bank Of Nova Scotia,Salkku 1,16251.22,varat,sijoitusvarallisuus,osinkosalkku,10,nnsr.csv,1.0,16251.22,mkk,False
36,fdc9af768c6595a3385ece9ecb6fee061c2a79f4a813aabd0001ec2324bbf1c2,2023-05-31,nnsr,Bank Of Nova Scotia,Salkku 1,15819.42,varat,sijoitusvarallisuus,osinkosalkku,10,nnsr.csv,1.0,15819.42,mkk,False
37,773dc0415214aaf749b6a5717d0169af3400dc63b199a8f642909f570f22288e,2024-01-31,nnsr,Bank Of Nova Scotia,Salkku 1,17428.91,varat,sijoitusvarallisuus,osinkosalkku,10,nnsr.csv,1.0,17428.91,mkk,False
38,52f4e64c3a3610567ce398a603d8281ed1a2115b62a7d449011d03611325a38a,2023-07-31,nnsr,Bank Of Nova Scotia,Salkku 1,30456.51,varat,sijoitusvarallisuus,osinkosalkku,10,nnsr.csv,1.0,30456.51,mkk,False
39,6be3d6bd009ed5ab5b1cef64b829a668a21cb467e8ac2d6cff6dedc5d421418e,2023-08-31,nnsr,Bank Of Nova Scotia,Salkku 1,29098.41,varat,sijoitusvarallisuus,osinkosalkku,10,nnsr.csv,1.0,29098.41,mkk,False
40,05d63d865a89428fb72f1b418d3bbfa09551be4ceb05b28b63ffd2cda140a794,2023-01-31,nnsr,Bank Of Nova Scotia,Salkku 1,17428.91,varat,sijoitusvarallisuus,osinkosalkku,10,nnsr.csv,1.0,17428.91,mkk,False
41,d5baeb85e02a6167e1c829abfb07161f859fae8cea7220e0c01e574c294db583,2023-12-31,nnsr,Bank Of Nova Scotia,Salkku 1,29314.14,varat,sijoitusvarallisuus,osinkosalkku,10,nnsr.csv,1.0,29314.14,mkk,False
42,1031f17ea9a7a57845fd3761345aedb53f8f454d16ab394ae91360407ed448c5,2023-01-31,nnsr,CubeSmart,Salkku 1,6738.83,varat,sijoitusvarallisuus,osinkosalkku,10,nnsr.csv,1.0,6738.83,mkk,False
43,8df626d460c5ff3aae2d23e6009685aeaa6f8810aecc4f52ad6c599d2d593cca,2023-09-30,nnsr,CubeSmart,Salkku 1,5770.41,varat,sijoitusvarallisuus,osinkosalkku,10,nnsr.csv,1.0,5770.41,mkk,False
44,0fc6a10cc77e6cd713798a56d1e0114b13c591cfb123afb6d87896dd2f853182,2024-01-31,nnsr,CubeSmart,Salkku 1,6738.83,varat,sijoitusvarallisuus,osinkosalkku,10,nnsr.csv,1.0,6738.83,mkk,False
45,c3846cff293ef0bd81f23cdd4c2575c45e4523fddcfe42b67949bc423557ce94,2023-02-27,nnsr,CubeSmart,Salkku 1,7034.91,varat,sijoitusvarallisuus,osinkosalkku,10,nnsr.csv,1.0,7034.91,mkk,False
46,bef92bd0e5d797ab415b99e8a1e1ae072c30ce0091c2097ab21544cc0a5c93c8,2023-04-30,nnsr,CubeSmart,Salkku 1,6604.95,varat,sijoitusvarallisuus,osinkosalkku,10,nnsr.csv,1.0,6604.95,mkk,False
47,c8290ad4cbcac1858d94d44677adc6dc95330c5c37798efce3686e50cb6f31b9,2023-11-30,nnsr,CubeSmart,Salkku 1,11323.45,varat,sijoitusvarallisuus,osinkosalkku,10,nnsr.csv,1.0,11323.45,mkk,False
48,4dec9a6484bfa49402ee083abe8d664d3a9e5c50991ce7433ba1e6da91b110ba,2024-02-28,nnsr,CubeSmart,Salkku 1,6738.83,varat,sijoitusvarallisuus,osinkosalkku,10,nnsr.csv,1.0,6738.83,mkk,False
49,eb7cba040253743ed1a4ce1b877236207c6efd0793dea617a8ed3fea77eb5394,2023-12-31,nnsr,CubeSmart,Salkku 1,13014.93,varat,sijoitusvarallisuus,osinkosalkku,10,nnsr.csv,1.0,13014.93,mkk,False
50,25a8c8404cb28ab3688ddbfe617c50d93717b698a67130a958530bf29a0ffceb,2023-03-31,nnsr,CubeSmart,Salkku 1,6817.72,varat,sijoitusvarallisuus,osinkosalkku,10,nnsr.csv,1.0,6817.72,mkk,False
51,c70ab8c90188809097465f53471aced7e6e74c35acdded89765e8a9a4dfa3fb9,2023-05-31,nnsr,CubeSmart,Salkku 1,6654.11,varat,sijoitusvarallisuus,osinkosalkku,10,nnsr.csv,1.0,6654.11,mkk,False
52,37ab4dc39d4929a26b7a5208d6bb7516fa1fe180d5fe4099d63684947debfc88,2023-07-31,nnsr,CubeSmart,Salkku 1,6309.6,varat,sijoitusvarallisuus,osinkosalkku,10,nnsr.csv,1.0,6309.6,mkk,False
53,0c1e8bdadef5c98c334eafc1fbdd7217e900c49db7e38d4b41a39098302ff4ee,2023-08-31,nnsr,CubeSmart,Salkku 1,6154.36,varat,sijoitusvarallisuus,osinkosalkku,10,nnsr.csv,1.0,6154.36,mkk,False
54,3f59857d243f271dfae251ac2cde7430cfe5f70f3573c5ae81a6533de645ba81,2023-06-30,nnsr,CubeSmart,Salkku 1,6547.12,varat,sijoitusvarallisuus,osinkosalkku,10,nnsr.csv,1.0,6547.12,mkk,False
55,91c1d7767d13f98d713588f7ec41f9e2a46a6200904549256bf2a1255fb05252,2023-10-31,nnsr,CubeSmart,Salkku 1,5158.22,varat,sijoitusvarallisuus,osinkosalkku,10,nnsr.csv,1.0,5158.22,mkk,False
56,86664ba1df7611093a109b2c73e531d2f295ec95624d15289172ba395c76a845,2023-04-30,nnsr,Likvidit varat,Salkku 3,1692.41,varat,sijoitusvarallisuus,kasvusalkku,11,nnsr.csv,1.0,1692.41,mkk,False
57,8f2e0a987d9ae071a815de0b328214302cf0a034efe75893909745f05dd46be0,2023-02-27,nnsr,Likvidit varat,Salkku 3,1692.41,varat,sijoitusvarallisuus,kasvusalkku,11,nnsr.csv,1.0,1692.41,mkk,False
58,c54652c501176438d31170be8c8bdb8a7b5dc761332ab2cd241b5d7f5ae2c325,2023-01-31,nnsr,Likvidit varat,Salkku 3,1692.41,varat,sijoitusvarallisuus,kasvusalkku,11,nnsr.csv,1.0,1692.41,mkk,False
59,8d62d2cad2558a4f5bf5403bfe1720b3535030a2fbfd305f2c606e50452c3f63,2023-03-31,nnsr,Likvidit varat,Salkku 3,1692.41,varat,sijoitusvarallisuus,kasvusalkku,11,nnsr.csv,1.0,1692.41,mkk,False
60,7064b8289bdd37d62a05c9bae3721e7db926b4558025575798ebc7ab8bdef60c,2023-12-01,luottokortti,Netflix,MEMBER ORGANIZATIONS - DEF,-11.65,menot,media,suoratoisto,3,luottokortti.xlsx,1.0,-11.65,mkk,False
61,31ded88a947ba6d449187069011bf7109b448f209392deed7f23813895b351f9,2023-07-04,luottokortti,Netflix,MEMBER ORGANIZATIONS - DEF,-11.65,menot,media,suoratoisto,3,luottokortti.xlsx,1.0,-11.65,mkk,False
62,97ae2b4d3ad838ddfccba057d33be8085d75ee9ec8e2deddfc45552b535debbc,2023-01-05,luottokortti,Netflix,MEMBER ORGANIZATIONS - DEF,-11.65,menot,media,suoratoisto,3,luottokortti.xlsx,1.0,-11.65,mkk,False
63,5d4b214df82d83756d3293a203fa2379e064c392e68df0f1c57534e3f1dd0bc4,2023-02-04,luottokortti,Netflix,MEMBER ORGANIZATIONS - DEF,-11.65,menot,media,suoratoisto,3,luottokortti.xlsx,1.0,-11.65,mkk,False
64,c1a812ef4a88ee0468616bc95d50120eb8457754ab0f363886aac4534b224656,2023-10-02,luottokortti,Netflix,MEMBER ORGANIZATIONS - DEF,-11.65,menot,media,suoratoisto,3,luottokortti.xlsx,1.0,-11.65,mkk,False
65,0a2c172ab146b7e9e790437a8dfb3e8b2bd5748583e426d0b90422524a7f11de,2023-03-06,luottokortti,Netflix,MEMBER ORGANIZATIONS - DEF,-11.65,menot,media,suoratoisto,3,luottokortti.xlsx,1.0,-11.65,mkk,False
66,ebcf1f73cd3eebaddfea79e5969066cdf3dfb0fe7078e58f9667e37b3bcb31d0,2023-04-05,luottokortti,Netflix,MEMBER ORGANIZATIONS - DEF,-11.65,menot,media,suoratoisto,3,luottokortti.xlsx,1.0,-11.65,mkk,False
67,75104b54ac23d9105b774c774fa6dcf2c0d3ec4e8b83fe8997c4456a46a2b9cf,2023-05-05,luottokortti,Netflix,MEMBER ORGANIZATIONS - DEF,-11.65,menot,media,suoratoisto,3,luottokortti.xlsx,1.0,-11.65,mkk,False
68,88461a428b23a88964dc255e9f0cb3f8933cc6c60bc4d4f2678b021fe8767930,2023-06-04,luottokortti,Netflix,MEMBER ORGANIZATIONS - DEF,-11.65,menot,media,suoratoisto,3,luottokortti.xlsx,1.0,-11.65,mkk,False
69,0e2d213ef47667fce37266c766bc14dbe287a0c151e6e02b572cab50b52a9d82,2023-11-01,luottokortti,Netflix,MEMBER ORGANIZATIONS - DEF,-11.65,menot,media,suoratoisto,3,luottokortti.xlsx,1.0,-11.65,mkk,False
70,b20b41716e6bd3f3027685e744fce08d77c9060c985f6fc80ccb78bdf7cddca7,2023-09-02,luottokortti,Netflix,MEMBER ORGANIZATIONS - DEF,-11.65,menot,media,suoratoisto,3,luottokortti.xlsx,1.0,-11.65,mkk,False
71,41ddb5cc33242a10641411ce19ee09f994cb6bfb4870c1a389f294cf7a29bab9,2023-08-03,luottokortti,Netflix,MEMBER ORGANIZATIONS - DEF,-11.65,menot,media,suoratoisto,3,luottokortti.xlsx,1.0,-11.65,mkk,False
72,1df03900348969e70545f2f0fdc17cfc455b7cc843fb593acf792994c8a5791d,2023-02-28,varat,Nordean sijoitukset,,11085.0,varat,sijoitusvarallisuus,osakkeet,7,varat.csv,1.0,11085.0,mkk,False
73,5b68cd8d2304376f0585d9836bc55c539e4147df1d05b835aa544ef6a0a485b7,2024-02-28,varat,Nordean sijoitukset,,22893.0,varat,sijoitusvarallisuus,osakkeet,7,varat.csv,1.0,22893.0,mkk,False
74,ab2c4af32cd00887e7643b17e615fc009f0267b4fb553103f0d459eed14a0229,2023-03-31,varat,Nordean sijoitukset,,12471.0,varat,sijoitusvarallisuus,osakkeet,7,varat.csv,1.0,12471.0,mkk,False
75,56710a8982dba57e2869cb0a9788c2331473a7ced4778ea1c4b5b4018c38bb40,2023-04-30,varat,Nordean sijoitukset,,13954.0,varat,sijoitusvarallisuus,osakkeet,7,varat.csv,1.0,13954.0,mkk,False
76,3c7a6e1f0b957dd12c5f1a6a80a026517bf0900c754c398057c580088f84ca53,2023-05-31,varat,Nordean sijoitukset,,15228.0,varat,sijoitusvarallisuus,osakkeet,7,varat.csv,1.0,15228.0,mkk,False
77,48ef15814c8c95b5511f84c78288147c0f47a30fa1557830cb204f15ef0ce02b,2023-12-31,varat,Nordean sijoitukset,,23593.0,varat,sijoitusvarallisuus,osakkeet,7,varat.csv,1.0,23593.0,mkk,False
78,08496c298665f49b9cf31b7a98db7b1752b8211d6ca4a72672e7b6ffa4c2fa82,2023-06-30,varat,Nordean sijoitukset,,16529.0,varat,sijoitusvarallisuus,osakkeet,7,varat.csv,1.0,16529.0,mkk,False
79,85455bd9ee37cff791317a632677c75351c8178d31ecde8430914703a7e37b3f,2023-11-30,varat,Nordean sijoitukset,,22934.0,varat,sijoitusvarallisuus,osakkeet,7,varat.csv,1.0,22934.0,mkk,False
80,13bbc414d7ba82eda4a17140e49c5bd3b60c20470e86fe455d6486c2edb55e54,2023-10-31,varat,Nordean sijoitukset,,21624.0,varat,sijoitusvarallisuus,osakkeet,7,varat.csv,1.0,21624.0,mkk,False
81,6045c8e0f6d9ba1e9d3f0508a2fa9df66bbd9338ac5f01c62fe877188e327b04,2023-09-30,varat,Nordean sijoitukset,,20145.0,varat,sijoitusvarallisuus,osakkeet,7,varat.csv,1.0,20145.0,mkk,False
82,88981848cf6f41617e59daf533eba7206e6e23e4f8bfdc3a9abc754aef3eb242,2023-08-31,varat,Nordean sijoitukset,,18713.0,varat,sijoitusvarallisuus,osakkeet,7,varat.csv,1.0,18713.0,mkk,False
83,eeb7384395d61bd47f6144680fa3a17139515a4e44f3b7428f2b7cdd892a2215,2023-07-31,varat,Nordean sijoitukset,,18019.0,varat,sijoitusvarallisuus,osakkeet,7,varat.csv,1.0,18019.0,mkk,False
84,035105cabae28cd7297e53dca57b91365e1a5c6e1d8a43f4b07bc382530ac403,2024-01-31,varat,Nordean sijoitukset,,23893.0,varat,sijoitusvarallisuus,osakkeet,7,varat.csv,1.0,23893.0,mkk,False
85,e8fdddff9dd809d19af17eba8ade12fe6e46ebf9995a0c1f83acce6ed6c42b38,2023-01-31,varat,Nordean sijoitukset,,10000.0,varat,sijoitusvarallisuus,osakkeet,7,varat.csv,1.0,10000.0,mkk,False
86,8a3b4c50b69ba477bb5cfc7e6f4bf7013d702401705e5aae096646db240ae1a5,2024-01-16,osingot,O,ENNAKKOPIDÄTYS,-13.1,tulot,pääomatulot,osinkotulot,15,osingot-2023-2024.csv,1.0,-13.1,mkk,False
87,30c5e9cc5fe0ca3723e498171f6ba996cd4ccacc83d2b685c37f7a4c47191c04,2024-01-16,osingot,O,OSINKO,87.35,tulot,pääomatulot,osinkotulot,15,osingot-2023-2024.csv,1.0,87.35,mkk,False
88,49713493e893f0d16b22c3ac378e445b42e75b7a1a101173fec7d586e9db1766,2024-02-16,osingot,O,OSINKO,88.13,tulot,pääomatulot,osinkotulot,15,osingot-2023-2024.csv,1.0,88.13,mkk,False
89,afa3bcfd299ebfd39a3987df0bfa44c963740da5b7b570f926a0e0bd5d40c2ce,2024-02-16,osingot,O,ENNAKKOPIDÄTYS,-13.22,tulot,pääomatulot,osinkotulot,15,osingot-2023-2024.csv,1.0,-13.22,mkk,False
90,fbfe47622e2f72ba12ee31d477773b94fccda909a1b1b32a4e65b80ea8da3b1c,2023-01-16,osingot,O,OSINKO,87.35,tulot,pääomatulot,osinkotulot,15,osingot-2023-2024.csv,1.0,87.35,mkk,False
91,88027d7d0a1e17057846e1644f694d3ea87e758d99830c8f1d925c895b1ec31d,2023-03-16,osingot,O,ENNAKKOPIDÄTYS,-13.66,tulot,pääomatulot,osinkotulot,15,osingot-2023-2024.csv,1.0,-13.66,mkk,False
92,315823ea1a128c95f8dc90995d79588a346255f6545ca4851e5ed1818aafd85f,2023-03-16,osingot,O,OSINKO,91.05,tulot,pääomatulot,osinkotulot,15,osingot-2023-2024.csv,1.0,91.05,mkk,False
93,1bb4f8937d534ddcb8f35e6fd5e64bf2f28ba93c34768802e3d82a266c5b2ab2,2023-02-16,osingot,O,ENNAKKOPIDÄTYS,-13.22,tulot,pääomatulot,osinkotulot,15,osingot-2023-2024.csv,1.0,-13.22,mkk,False
94,859016d195848304e418509b01df37b5bb53f3012aa7b500a407779518c5d845,2023-05-16,osingot,O,OSINKO,89.05,tulot,pääomatulot,osinkotulot,15,osingot-2023-2024.csv,1.0,89.05,mkk,False
95,fe61090c9479b9c0534efbf66d4563a082e0380c185e97f171689ce54046f7b9,2023-05-16,osingot,O,ENNAKKOPIDÄTYS,-13.36,tulot,pääomatulot,osinkotulot,15,osingot-2023-2024.csv,1.0,-13.36,mkk,False
96,f81d60fbcf343c5cb6c16013b9a289071a26fc39f07edc9717ac4483a2fd7ff2,2023-06-16,osingot,O,OSINKO,88.56,tulot,pääomatulot,osinkotulot,15,osingot-2023-2024.csv,1.0,88.56,mkk,False
97,7aa0e0c06403c3bc53be9782be50d5e213ce6106596584d0c27ceff8e655afbd,2023-06-16,osingot,O,ENNAKKOPIDÄTYS,-13.28,tulot,pääomatulot,osinkotulot,15,osingot-2023-2024.csv,1.0,-13.28,mkk,False
98,acf32fa242a05446bc74bc010d0ea900294f69d398c699798ca72ef3fa65b13b,2023-04-17,osingot,O,ENNAKKOPIDÄTYS,-13.22,tulot,pääomatulot,osinkotulot,15,osingot-2023-2024.csv,1.0,-13.22,mkk,False
99,3a8d24c35343c543e487d59c089f32a4548f46ef5fa61d9bf176500738486051,2023-04-17,osingot,O,OSINKO,88.11,tulot,pääomatulot,osinkotulot,15,osingot-2023-2024.csv,1.0,88.11,mkk,False
100,cb9af532d4befa5ea64e0ce73a64e7a4328aed2e90b5910b5c108aed65404d00,2023-02-16,osingot,O,OSINKO,88.13,tulot,pääomatulot,osinkotulot,15,osingot-2023-2024.csv,1.0,88.13,mkk,False
101,d4850029eb6968e36b3e13487781b8d0aec2c708ba649fff4f1aa76f7b71fa8e,2023-01-16,osingot,O,ENNAKKOPIDÄTYS,-13.1,tulot,pääomatulot,osinkotulot,15,osingot-2023-2024.csv,1.0,-13.1,mkk,False
102,837c2facb05e5421f40204c506606b4b11e6e4616cba9a60be37beaf4f8249e0,2024-02-28,s-pankki,Oma tilisiirto,KORTTIOSTO,-500.0,pois,sisäinen tilisiirto,.*,16,s-pankki_2024_01-2024_12.csv,1.0,-500.0,mkk,False
103,abb019f8d8ba9f31e3554bfbf2b7a1fab21bb3ffa6893ae376becf0298b9dc52,2023-12-29,s-pankki,P.Ohatta,HYVITYSKORKO,0.36,tulot,passiiviset tulot,korkotulot,5,s-pankki_2023_07-2023_12.csv,1.0,0.36,mkk,False
104,9e75cbfa0780b48c93dfc4944764e925d73c1de60f0afc7b0d9ef22f47b9436c,2024-01-01,s-pankki,Prisma,KORTTIOSTO,-500.0,menot,ruoka,ruoka,4,s-pankki_2024_01-2024_12.csv,1.0,-500.0,mkk,False
105,b736036b5f63ed660a934f0e83a2b6c54051b15476e7448ed0eefc414f76e587,2023-04-01,s-pankki,Prisma,KORTTIOSTO,-500.0,menot,ruoka,ruoka,4,s-pankki_2023_01-2023_06.csv,1.0,-500.0,mkk,False
106,56531ea702b26e6f700c8bc1ec7311a8b6ee26255c01f6b5c7e1bcc398020b27,2023-05-01,s-pankki,Prisma,KORTTIOSTO,-500.0,menot,ruoka,ruoka,4,s-pankki_2023_01-2023_06.csv,1.0,-500.0,mkk,False
107,768e2d9672ac907b41b89922da766da76d3967ae3d0c873bc6dce8e89de30142,2023-06-01,s-pankki,Prisma,KORTTIOSTO,-500.0,menot,ruoka,ruoka,4,s-pankki_2023_01-2023_06.csv,1.0,-500.0,mkk,False
108,1ff331cb3bdcf2266bc883147ddbfc8bb82b5307526884a7635102ac6c804cef,2023-01-01,s-pankki,Prisma,KORTTIOSTO,-500.0,menot,ruoka,ruoka,4,s-pankki_2023_01-2023_06.csv,1.0,-500.0,mkk,False
109,6cdd0d83874080c392813ef197f83e79b0f24452b7d1c2aefb8f313db240c6a4,2024-02-01,s-pankki,Prisma,KORTTIOSTO,-500.0,menot,ruoka,ruoka,4,s-pankki_2024_01-2024_12.csv,1.0,-500.0,mkk,False
110,36a69152ab0b404923ff0c4f9a3b2e7f17c96e9b9383abc9d4f90af2f9695114,2023-07-01,s-pankki,Prisma,KORTTIOSTO,-1500.0,menot,ruoka,ruoka,4,s-pankki_2023_07-2023_12.csv,1.0,-1500.0,mkk,False
111,3c8729b18d3972e83fc039edf0fd9fde5dae0263af9be5604c0be626b51f3539,2023-08-01,s-pankki,Prisma,KORTTIOSTO,-1500.0,menot,ruoka,ruoka,4,s-pankki_2023_07-2023_12.csv,1.0,-1500.0,mkk,False
112,350f279aa8c3c2dc25e64de843b540b91418516109a09f08f69abd45b0c34be4,2023-09-01,s-pankki,Prisma,KORTTIOSTO,-1500.0,menot,ruoka,ruoka,4,s-pankki_2023_07-2023_12.csv,1.0,-1500.0,mkk,False
113,ece98542b612a39bf0b7ab5c5ff34b5350d25deeaddd933c8f179a5522a10148,2023-10-01,s-pankki,Prisma,KORTTIOSTO,-1500.0,menot,ruoka,ruoka,4,s-pankki_2023_07-2023_12.csv,1.0,-1500.0,mkk,False
114,237ea1afcd5c0a7fc7ef1e167dca2d33392e9ba5b026e15ebf2a771bde81fa3d,2023-11-01,s-pankki,Prisma,KORTTIOSTO,-1500.0,menot,ruoka,ruoka,4,s-pankki_2023_07-2023_12.csv,1.0,-1500.0,mkk,False
115,8740da6b3aa8a9641a50fb2c14ed89efe9dc12a33cad82a9dc5fde9a20e4c57e,2023-12-01,s-pankki,Prisma,KORTTIOSTO,-1500.0,menot,ruoka,ruoka,4,s-pankki_2023_07-2023_12.csv,1.0,-1500.0,mkk,False
116,c42cd106895232e660e9226f125497bfadc332a3da96e0e24c78b4c0eac68274,2023-03-01,s-pankki,Prisma,KORTTIOSTO,-500.0,menot,ruoka,ruoka,4,s-pankki_2023_01-2023_06.csv,1.0,-500.0,mkk,False
117,75338ae5df8dbb8c4e5270b71914558d4f7e8f84d5680835d6f5f47f5c760345,2023-02-01,s-pankki,Prisma,KORTTIOSTO,-500.0,menot,ruoka,ruoka,4,s-pankki_2023_01-2023_06.csv,1.0,-500.0,mkk,False
118,1ad184966ed7ba3590792a4a372f920e8255ea816d4beecf8e8a9aa75ad7ee54,2023-12-27,s-pankki,Puuilo,KORTTIOSTO,-19.9,menot,muut menot,.*,9,s-pankki_2023_07-2023_12.csv,1.0,-19.9,mkk,False
119,a972d63e39242e3bbac204060daebda8974f7c2abb8bffd6b4d998a231549fef,2023-05-31,varat,S-Pankin saldo,,201.0,varat,käteinen,s-pankki,6,varat.csv,1.0,201.0,mkk,False
120,70798d2b65f78f79a4d91a53850e21ea2cefd961b6fb617f316db490ba2299a4,2023-07-31,varat,S-Pankin saldo,,6680.0,varat,käteinen,s-pankki,6,varat.csv,1.0,6680.0,mkk,False
121,3440197d6dd557204188b52d3071ba580848a1e6fc1476d0daf27ab50099bb7a,2023-08-31,varat,S-Pankin saldo,,6533.0,varat,käteinen,s-pankki,6,varat.csv,1.0,6533.0,mkk,False
122,921cec207bdb976d2c01a7bb663eaeff7b6140691baeef56e7588a770ae98195,2023-09-30,varat,S-Pankin saldo,,9611.0,varat,käteinen,s-pankki,6,varat.csv,1.0,9611.0,mkk,False
123,dcc37f5c0ec178dbbc91f33dccb79689c4a7af920602d676730de200815cac3f,2023-11-30,varat,S-Pankin saldo,,1705.0,varat,käteinen,s-pankki,6,varat.csv,1.0,1705.0,mkk,False
124,c3fc1d0c5b0a12023fea603fa65d9937b41e20c1c4ebf8d9c87d15a94ddd7665,2023-12-31,varat,S-Pankin saldo,,3011.0,varat,käteinen,s-pankki,6,varat.csv,1.0,3011.0,mkk,False
125,3f9539384803f6263d17fb3b4a3a073418c0b03e0172f8139bebfc3604f09590,2023-03-31,varat,S-Pankin saldo,,3925.0,varat,käteinen,s-pankki,6,varat.csv,1.0,3925.0,mkk,False
126,9924e571677474b6a259ec559c3dc5b3eead822dec85910b334bb0342fcfbf24,2024-01-31,varat,S-Pankin saldo,,2000.0,varat,käteinen,s-pankki,6,varat.csv,1.0,2000.0,mkk,False
127,46391e14caab7a2640a8d02c28072cbfe192b62621ca001778229a6c9a5afdd7,2024-02-28,varat,S-Pankin saldo,,2225.0,varat,käteinen,s-pankki,6,varat.csv,1.0,2225.0,mkk,False
128,ee11163ada0dec91c9a9ca462d013503ce11347c0e1552c633a05645830f44ce,2023-06-30,varat,S-Pankin saldo,,447.0,varat,käteinen,s-pankki,6,varat.csv,1.0,447.0,mkk,False
129,69f13385b639c9585cfc1cab8aeeb2a661f3a03f4a216f71a455c4aa843ce89e,2023-10-31,varat,S-Pankin saldo,,3103.0,varat,käteinen,s-pankki,6,varat.csv,1.0,3103.0,mkk,False
130,584818e118192bdb6ed97b0cfb2b1d0d48ad109b5b11bc53dcacf7273a183d81,2023-04-30,varat,S-Pankin saldo,,2851.0,varat,käteinen,s-pankki,6,varat.csv,1.0,2851.0,mkk,False
131,2e068403ccdbf3fc3685ba4045a9634d9643f5eb731c804279a0a4ed70dc11f2,2023-01-31,varat,S-Pankin saldo,,7460.0,varat,käteinen,s-pankki,6,varat.csv,1.0,7460.0,mkk,False
132,84da9186999acf081e9b563c2d1d1721b60158e11d6c36c28af3b04da4a0b5c1,2023-02-28,varat,S-Pankin saldo,,497.0,varat,käteinen,s-pankki,6,varat.csv,1.0,497.0,mkk,False
133,6eb672ac9f4fd82fa87c06681ccfd7259e4b2e779128354b0f2f3079431c2469,2023-03-07,luottokortti,Spotify,DIGITAL GOODS – LARGE DIGITAL GOODS MERCHANT,-12.99,menot,media,musiikki,8,luottokortti.xlsx,1.0,-12.99,mkk,False
134,76dacca8d29e21866a95461649a8d24395c6aa3d547ea315c677f0e9baa7be06,2023-04-06,luottokortti,Spotify,DIGITAL GOODS – LARGE DIGITAL GOODS MERCHANT,-12.99,menot,media,musiikki,8,luottokortti.xlsx,1.0,-12.99,mkk,False
135,7b0888fefe0079a0d0ddf1365cb2fea8ac22b2fca7987e36ab15a69306bd70a3,2023-05-06,luottokortti,Spotify,DIGITAL GOODS – LARGE DIGITAL GOODS MERCHANT,-12.99,menot,media,musiikki,8,luottokortti.xlsx,1.0,-12.99,mkk,False
136,3ca8441b1bd20f2c3b9af3a9d1ebb72969951dc75efb77a27285cbdfb637fba8,2023-06-05,luottokortti,Spotify,DIGITAL GOODS – LARGE DIGITAL GOODS MERCHANT,-12.99,menot,media,musiikki,8,luottokortti.xlsx,1.0,-12.99,mkk,False
137,853798b8d7bbc382b5d7bb7faf45a93335e91a3a10b9a3ee2d53fa439e6da665,2023-07-05,luottokortti,Spotify,DIGITAL GOODS – LARGE DIGITAL GOODS MERCHANT,-12.99,menot,media,musiikki,8,luottokortti.xlsx,1.0,-12.99,mkk,False
138,a97881ac20273d629d00970e10419b0f4cda73eb5ee017e9e31c61a623a50920,2023-02-05,luottokortti,Spotify,DIGITAL GOODS – LARGE DIGITAL GOODS MERCHANT,-12.99,menot,media,musiikki,8,luottokortti.xlsx,1.0,-12.99,mkk,False
139,7029b993419a0d926bf1c4d49d5343d3f4052551fa2385e4571a65aa3e9d216d,2023-01-06,luottokortti,Spotify,DIGITAL GOODS – LARGE DIGITAL GOODS MERCHANT,-12.99,menot,media,musiikki,8,luottokortti.xlsx,1.0,-12.99,mkk,False
140,56671f7e7eea1ac0608ea5f9f22b2ff99d1a08dc902b636751ba4c18b1d1475a,2023-09-03,luottokortti,Spotify,DIGITAL GOODS – LARGE DIGITAL GOODS MERCHANT,-12.99,menot,media,musiikki,8,luottokortti.xlsx,1.0,-12.99,mkk,False
141,75a3989c5e9ed99d9ca548e36d9b3b0a75d2447d7f240bb9bf57365ffd32c67f,2023-10-03,luottokortti,Spotify,DIGITAL GOODS – LARGE DIGITAL GOODS MERCHANT,-12.99,menot,media,musiikki,8,luottokortti.xlsx,1.0,-12.99,mkk,False
142,a6ec8f7a2621b99e0c6bed056062ea9cdda8563c99330790eacf1ace04813a99,2023-11-02,luottokortti,Spotify,DIGITAL GOODS – LARGE DIGITAL GOODS MERCHANT,-12.99,menot,media,musiikki,8,luottokortti.xlsx,1.0,-12.99,mkk,False
143,787d261fabb57f4ad8e800c9c196fe5f0018ca11b0547e35ab19dc2e90f7f843,2023-12-02,luottokortti,Spotify,DIGITAL GOODS – LARGE DIGITAL GOODS MERCHANT,-12.99,menot,media,musiikki,8,luottokortti.xlsx,1.0,-12.99,mkk,False
144,f42f5dc69afcd8654da3436dcfba97da1f765fcc077499c359d871452f691824,2023-08-04,luottokortti,Spotify,DIGITAL GOODS – LARGE DIGITAL GOODS MERCHANT,-12.99,menot,media,musiikki,8,luottokortti.xlsx,1.0,-12.99,mkk,False
145,bb98627fc44a8e83178bfbee4e84d880467c1731eec9fddb48bc1d540e82b536,2023-02-28,tulot,ansiotulot,,3000.0,tulot,ansiotulot,päivityö,12,tulot.csv,1.0,3000.0,mkk,False
146,c256d867aa8df8a411fcf62f10aa9a22d4bc9bbc97e99bf44255db6cbfec11c5,2023-01-31,tulot,ansiotulot,,3000.0,tulot,ansiotulot,päivityö,12,tulot.csv,1.0,3000.0,mkk,False
147,2f3e8a26ba15b07308d8c659fa48a540f17d5736750f45e20eddb24d6eb9cf5b,2023-05-31,tulot,ansiotulot,,3000.0,tulot,ansiotulot,päivityö,12,tulot.csv,1.0,3000.0,mkk,False
148,6e7c2033c3e92202cd90c018275f137ec93e0f8ccef6fc2f84c369abe89b2e50,2023-03-31,tulot,ansiotulot,,3000.0,tulot,ansiotulot,päivityö,12,tulot.csv,1.0,3000.0,mkk,False
149,e34d044efb961af5f04b16efb683d5d0bdc77bad5115bc6a7f84e8955c7eb5f1,2023-04-30,tulot,ansiotulot,,3000.0,tulot,ansiotulot,päivityö,12,tulot.csv,1.0,3000.0,mkk,False
150,cdd11cbb48940141ab9d7dab4da6fea0561b14790343f52f676a24068bb97b01,2024-01-31,tulot,ansiotulot,,3500.0,tulot,ansiotulot,päivityö,12,tulot.csv,1.0,3500.0,mkk,False
151,15d3053ac38fb984e4f03cee1accb1bca85b62c35cee95f14b1c95499ed2b756,2023-07-31,tulot,ansiotulot,,3000.0,tulot,ansiotulot,päivityö,12,tulot.csv,1.0,3000.0,mkk,False
152,851be80e17a5344632e554a90bfc4bc114da5194aa83eff2a5063b40c81a7bda,2024-02-28,tulot,ansiotulot,,3500.0,tulot,ansiotulot,päivityö,12,tulot.csv,1.0,3500.0,mkk,False
153,b3df2d25dbc3fd612bce01043db4ce916e5727e556089cc51fcbd5b5ace5d9eb,2023-06-30,tulot,ansiotulot,,3000.0,tulot,ansiotulot,päivityö,12,tulot.csv,1.0,3000.0,mkk,False
154,fd664e2811578098544914cbab9c437580886bc0447e5ccaf6a2bef660bfd7a9,2023-08-31,tulot,ansiotulot,,3000.0,tulot,ansiotulot,päivityö,12,tulot.csv,1.0,3000.0,mkk,False
155,c3fcf2f33b8ccacbb25d412b338734663d9086f32192543e0f8bc467f9a74eb4,2023-12-31,tulot,ansiotulot,,3000.0,tulot,ansiotulot,päivityö,12,tulot.csv,1.0,3000.0,mkk,False
156,0772a7704f09c745459c6d1b4fd1ff356d21f2a185401f7bc4a1cab6c09e5d4b,2023-09-30,tulot,ansiotulot,,3000.0,tulot,ansiotulot,päivityö,12,tulot.csv,1.0,3000.0,mkk,False
157,5d7ce325c22ff0f391e843b32d7e77ebe214d9435cf91dbd41cf91aec338594a,2023-11-30,tulot,ansiotulot,,3000.0,tulot,ansiotulot,päivityö,12,tulot.csv,1.0,3000.0,mkk,False
158,20b0a18db293e9373731dce23134eb7dc7c84f6da2ed9720a52336e2ad7fc24a,2023-10-31,tulot,ansiotulot,,3000.0,tulot,ansiotulot,päivityö,12,tulot.csv,1.0,3000.0,mkk,False
159,19b881d99d694d1ebc7aeb8fbae5ed50cd6cdbe79187d2b64a33c83f766aa55f,2023-06-30,velat,asuntolaina,,-87500.0,velat,asuntolaina,.*,2,velat.csv,1.0,-87500.0,mkk,False
160,f52ebef0fdc2d267602266281ca51d5419318bbe28bb515aa5cc134aa210a267,2023-08-31,velat,asuntolaina,,-86500.0,velat,asuntolaina,.*,2,velat.csv,1.0,-86500.0,mkk,False
161,06248df2ccd0afd613bb4e05b75305470042d7f85420916ddb3dd0b259fda526,2023-05-31,velat,asuntolaina,,-88000.0,velat,asuntolaina,.*,2,velat.csv,1.0,-88000.0,mkk,False
162,fc3c6d7b05d5ec8ac2e5b1f009ce9c741edb2a94e60615925e120b0c456825d2,2023-09-30,velat,asuntolaina,,-86000.0,velat,asuntolaina,.*,2,velat.csv,1.0,-86000.0,mkk,False
163,7d57ac69dcb59d988c0edc7efdca030b213130efbfdfac181e115d966e60fce6,2023-10-31,velat,asuntolaina,,-85500.0,velat,asuntolaina,.*,2,velat.csv,1.0,-85500.0,mkk,False
164,7125830483e103ccdbe3a0af10f9c490cb7051e99363357f1f1bfde6d0107835,2023-11-30,velat,asuntolaina,,-85000.0,velat,asuntolaina,.*,2,velat.csv,1.0,-85000.0,mkk,False
165,fb651b0f24f6d196dd3cbf2314fc0f9d385904d8fc39bc7feca3c322c7ba5c8c,2023-12-31,velat,asuntolaina,,-84500.0,velat,asuntolaina,.*,2,velat.csv,1.0,-84500.0,mkk,False
166,c363fa8d5d43da4af505297dd2718466fc8dd20938c2b8730d6542f5838b9a20,2023-07-31,velat,asuntolaina,,-87000.0,velat,asuntolaina,.*,2,velat.csv,1.0,-87000.0,mkk,False
167,d959a14a59e3b7639a5e4edc95c0f466ce39d419595fc601f4061d2e1279b279,2023-04-30,velat,asuntolaina,,-88500.0,velat,asuntolaina,.*,2,velat.csv,1.0,-88500.0,mkk,False
168,3ef6886f4fce83d7965da3a5dfe0281c72a36baddd34e47d8193b8742eb184b8,2024-02-28,velat,asuntolaina,,-83500.0,velat,asuntolaina,.*,2,velat.csv,1.0,-83500.0,mkk,False
169,220f9fec8020a9857515efaf01f98a336c2a845cbc9b2830bf620a8b0f14155d,2023-02-28,velat,asuntolaina,,-89500.0,velat,asuntolaina,.*,2,velat.csv,1.0,-89500.0,mkk,False
170,7575256b21545b5911dc622c54f6dd0348ecd44f03f6d7330e9e609fe9a5f463,2023-01-31,velat,asuntolaina,,-90000.0,velat,asuntolaina,.*,2,velat.csv,1.0,-90000.0,mkk,False
171,d796d583d5435b09fbba55ccd40214eb086ab3f18e8d1a4a05bc0e823413d290,2024-01-31,velat,asuntolaina,,-84000.0,velat,asuntolaina,.*,2,velat.csv,1.0,-84000.0,mkk,False
172,0b20df0b26903fa3b1ec81497164358feb9931c5df27fc10ca17534a68aed850,2023-03-31,velat,asuntolaina,,-89000.0,velat,asuntolaina,.*,2,velat.csv,1.0,-89000.0,mkk,False
173,12a5e0635894b5d5a02e95a846f77daee3dac7f10eca01334db243b7035c3d35,2023-03-31,nnsr,iShares Core MSCI World UCITS ETF USD (Acc),Salkku 3,18456.37,varat,sijoitusvarallisuus,kasvusalkku,11,nnsr.csv,1.0,18456.37,mkk,False
174,07a037d045d8ec8d19438480cd2fe804038bc9f3efb719625946706f90cf0d01,2023-01-31,nnsr,iShares Core MSCI World UCITS ETF USD (Acc),Salkku 3,18313.61,varat,sijoitusvarallisuus,kasvusalkku,11,nnsr.csv,1.0,18313.61,mkk,False
175,ab121cd6ff223a1efaae03c57e8b21e35212f09027788d7ce1f8701cd51f7211,2023-04-30,nnsr,iShares Core MSCI World UCITS ETF USD (Acc),Salkku 3,18504.26,varat,sijoitusvarallisuus,kasvusalkku,11,nnsr.csv,1.0,18504.26,mkk,False
176,e99b4ddfafccfa4ecaab1ca08931bff51105d299f885579db7042987017be9ab,2023-02-27,nnsr,iShares Core MSCI World UCITS ETF USD (Acc),Salkku 3,18489.97,varat,sijoitusvarallisuus,kasvusalkku,11,nnsr.csv,1.0,18489.97,mkk,False
177,f33f956996518521444699a4ade65da95f36471710d8594909b32013824be9b2,2023-01-31,menot,käteisellä lapaset,,-500.0,menot,vaatteet,.*,13,menot.csv,1.0,-500.0,mkk,False
178,3967cbbdce05f7bdcaaf8ef27494bea8339ea3d3c81422d1f6b7281f240500cc,2024-02-28,menot,maksoin yrityksen kuluja käteisellä,,-50.0,pois,yrityksen kulut,.*,17,menot.csv,1.0,-50.0,mkk,False
179,eed0adada9dc1d33e869936f7e0b980b57afa14c07d109ee84aeade94cbc1b5b,2023-02-28,menot,muuta,,-201.0,menot,muut menot,.*,14,menot.csv,1.0,-201.0,mkk,False
