transaction_id,date,account,description,info,amount_orig,class,category,sub_category,rule_id,source_file,record_type,share,amount,owner,split,transaction_row_id
7adc1d58a1ade0d76715e86c51a1692f980ff01762a8982090c8612a941afc92,2024-02-28,nordnet_salkkuraportti,Arbor Realty Trust,Salkku 1,8239.58,varat,sijoitusvarallisuus,osinkosalkku,10,nordnet_salkkuraportti_preprocessed.csv,Actual,1.0,8239.58,mkk,False,7adc1d58a1ade0d76715e86c51a1692f980ff01762a8982090c8612a941afc92
a7c0205bb602d312b786e75184860c0c397c79a6012bf8b5febf863acf2975d3,2023-12-31,nordnet_salkkuraportti,Arbor Realty Trust,Salkku 1,8249.99,varat,sijoitusvarallisuus,osinkosalkku,10,nordnet_salkkuraportti_preprocessed.csv,Actual,1.0,8249.99,mkk,False,a7c0205bb602d312b786e75184860c0c397c79a6012bf8b5febf863acf2975d3
5346ab8439b2be8c1d0d4577b81b855d4800b90b80f322682fa6ee9904f23665,2023-06-30,nordnet_salkkuraportti,Arbor Realty Trust,Salkku 1,8147.25,varat,sijoitusvarallisuus,osinkosalkku,10,nordnet_salkkuraportti_preprocessed.csv,Actual,1.0,8147.25,mkk,False,5346ab8439b2be8c1d0d4577b81b855d4800b90b80f322682fa6ee9904f23665
51b36695d9412b4bcd2326ddf73e0ed203535179e037d89c89ccfd691c51314c,2023-10-31,nordnet_salkkuraportti,Arbor Realty Trust,Salkku 1,7155.15,varat,sijoitusvarallisuus,osinkosalkku,10,nordnet_salkkuraportti_preprocessed.csv,Actual,1.0,7155.15,mkk,False,51b36695d9412b4bcd2326ddf73e0ed203535179e037d89c89ccfd691c51314c
635c19979a7b97fc01cb88cbd39f12f69cac4487551fab16f337928ca8408300,2023-02-27,nordnet_salkkuraportti,Arbor Realty Trust,Salkku 1,8552.46,varat,sijoitusvarallisuus,osinkosalkku,10,nordnet_salkkuraportti_preprocessed.csv,Actual,1.0,8552.46,mkk,False,635c19979a7b97fc01cb88cbd39f12f69cac4487551fab16f337928ca8408300
6abb34ee21d9c4debfe81b2cea0c9b2bdd2f56644ff7774f2228b17061bebfa4,2023-07-31,nordnet_salkkuraportti,Arbor Realty Trust,Salkku 1,9227.57,varat,sijoitusvarallisuus,osinkosalkku,10,nordnet_salkkuraportti_preprocessed.csv,Actual,1.0,9227.57,mkk,False,6abb34ee21d9c4debfe81b2cea0c9b2bdd2f56644ff7774f2228b17061bebfa4
4e7c59828d9c15589cee5a9c2e4db1fb2fa9aee079f05a616258384e80802f8d,2023-09-30,nordnet_salkkuraportti,Arbor Realty Trust,Salkku 1,8614.75,varat,sijoitusvarallisuus,osinkosalkku,10,nordnet_salkkuraportti_preprocessed.csv,Actual,1.0,8614.75,mkk,False,4e7c59828d9c15589cee5a9c2e4db1fb2fa9aee079f05a616258384e80802f8d
ee45cd3beb16fb33a55887baef19a186f541a0ccdb8b28fb61f3da444463f454,2023-08-31,nordnet_salkkuraportti,Arbor Realty Trust,Salkku 1,8830.95,varat,sijoitusvarallisuus,osinkosalkku,10,nordnet_salkkuraportti_preprocessed.csv,Actual,1.0,8830.95,mkk,False,ee45cd3beb16fb33a55887baef19a186f541a0ccdb8b28fb61f3da444463f454
c7e7ba0a774f70cb96fa648d6cca27a6b2db6cbde6c9d027b571c41fd7034b9b,2023-01-31,nordnet_salkkuraportti,Arbor Realty Trust,Salkku 1,8239.58,varat,sijoitusvarallisuus,osinkosalkku,10,nordnet_salkkuraportti_preprocessed.csv,Actual,1.0,8239.58,mkk,False,c7e7ba0a774f70cb96fa648d6cca27a6b2db6cbde6c9d027b571c41fd7034b9b
48e48b21f3b9a5dc3edf53e87f6bcc14afabdcb2f6b920bd0704567f909e386d,2023-05-31,nordnet_salkkuraportti,Arbor Realty Trust,Salkku 1,7080.47,varat,sijoitusvarallisuus,osinkosalkku,10,nordnet_salkkuraportti_preprocessed.csv,Actual,1.0,7080.47,mkk,False,48e48b21f3b9a5dc3edf53e87f6bcc14afabdcb2f6b920bd0704567f909e386d
89818180f6ca076da41c383013ec1e96c22ff78bb2c1db7b0b1e58bee1b44c56,2024-01-31,nordnet_salkkuraportti,Arbor Realty Trust,Salkku 1,8239.58,varat,sijoitusvarallisuus,osinkosalkku,10,nordnet_salkkuraportti_preprocessed.csv,Actual,1.0,8239.58,mkk,False,89818180f6ca076da41c383013ec1e96c22ff78bb2c1db7b0b1e58bee1b44c56
c1d5d4ddc4f451202826d8b0d3f7e0ab34a8a944da9c7c6f4921be758b9f7698,2023-03-31,nordnet_salkkuraportti,Arbor Realty Trust,Salkku 1,6355.66,varat,sijoitusvarallisuus,osinkosalkku,10,nordnet_salkkuraportti_preprocessed.csv,Actual,1.0,6355.66,mkk,False,c1d5d4ddc4f451202826d8b0d3f7e0ab34a8a944da9c7c6f4921be758b9f7698
81cc4bb45123aee0cb2ee6ebcf2c968a49dd5362e693487ae6a193ad55935e21,2023-04-30,nordnet_salkkuraportti,Arbor Realty Trust,Salkku 1,6245.23,varat,sijoitusvarallisuus,osinkosalkku,10,nordnet_salkkuraportti_preprocessed.csv,Actual,1.0,6245.23,mkk,False,81cc4bb45123aee0cb2ee6ebcf2c968a49dd5362e693487ae6a193ad55935e21
18463095f8c15638556d1537511f78d89f13e6e09b4ebacb3108fe2b216f6353,2023-11-30,nordnet_salkkuraportti,Arbor Realty Trust,Salkku 1,6879.18,varat,sijoitusvarallisuus,osinkosalkku,10,nordnet_salkkuraportti_preprocessed.csv,Actual,1.0,6879.18,mkk,False,18463095f8c15638556d1537511f78d89f13e6e09b4ebacb3108fe2b216f6353
b11830061cc1e4d87cf8ac0abbb4984d95e1e0bbd0da3d0b255b6de17af845ae,2023-03-01,penno,Asuminen,Korko,-73.77,menot,asuminen,,18,penno.xlsx,Actual,1.0,-73.77,mkk,False,b11830061cc1e4d87cf8ac0abbb4984d95e1e0bbd0da3d0b255b6de17af845ae
334e76a0874de1c92bb834e961b93b148bc8aa9c9722ca81a3ce406a1e6ed294,2023-03-01,penno,Asuminen,Vastike,-165.9,menot,asuminen,,18,penno.xlsx,Actual,1.0,-165.9,mkk,False,334e76a0874de1c92bb834e961b93b148bc8aa9c9722ca81a3ce406a1e6ed294
350bb299739043b5e015d61e9db445065fc4ae233b65f2fcd5fc00710ac498b9,2023-03-03,penno,Asuminen,Sähkö,-16.9,menot,asuminen,,18,penno.xlsx,Actual,1.0,-16.9,mkk,False,350bb299739043b5e015d61e9db445065fc4ae233b65f2fcd5fc00710ac498b9
4c3cb8860c1defa0bba70a494f94b2432dbade98e5037922a91256bcb0a788c4,2023-01-31,varat,Asunto,,100000.0,varat,asunto,,1,varat.csv,Actual,1.0,100000.0,mkk,False,4c3cb8860c1defa0bba70a494f94b2432dbade98e5037922a91256bcb0a788c4
57f3ff99c82eda69d04d1e7b5531438c890f8fecf5df7916cf19eda1e7398868,2023-12-31,varat,Asunto,,100000.0,varat,asunto,,1,varat.csv,Actual,1.0,100000.0,mkk,False,57f3ff99c82eda69d04d1e7b5531438c890f8fecf5df7916cf19eda1e7398868
d02dd173c8a9a3032f61f575ad05a9935f71960490ddb12b329bdb2a601086ff,2023-11-30,varat,Asunto,,100000.0,varat,asunto,,1,varat.csv,Actual,1.0,100000.0,mkk,False,d02dd173c8a9a3032f61f575ad05a9935f71960490ddb12b329bdb2a601086ff
b6f67be2115436613f34d750ad42e093842be2c2279296f7b51af79fc7888921,2023-10-31,varat,Asunto,,100000.0,varat,asunto,,1,varat.csv,Actual,1.0,100000.0,mkk,False,b6f67be2115436613f34d750ad42e093842be2c2279296f7b51af79fc7888921
134ff4a41cdb4d51edcfdcac862d710a66e555405d5d698cae086026660d0a64,2023-09-30,varat,Asunto,,100000.0,varat,asunto,,1,varat.csv,Actual,1.0,100000.0,mkk,False,134ff4a41cdb4d51edcfdcac862d710a66e555405d5d698cae086026660d0a64
2078cae9a2272f4f17c12be66b56e888f37deaad73aa13532108e9f6eab46361,2023-02-28,varat,Asunto,,100000.0,varat,asunto,,1,varat.csv,Actual,1.0,100000.0,mkk,False,2078cae9a2272f4f17c12be66b56e888f37deaad73aa13532108e9f6eab46361
d3e0ad5b8d0b9c834a14652957db4775697bd51686c81780bd0620fe45082c78,2023-08-31,varat,Asunto,,100000.0,varat,asunto,,1,varat.csv,Actual,1.0,100000.0,mkk,False,d3e0ad5b8d0b9c834a14652957db4775697bd51686c81780bd0620fe45082c78
dce8caa7a0cfe691b98cc2c6667e376a98759881ef70d618170b611ccee5819d,2024-01-31,varat,Asunto,,100000.0,varat,asunto,,1,varat.csv,Actual,1.0,100000.0,mkk,False,dce8caa7a0cfe691b98cc2c6667e376a98759881ef70d618170b611ccee5819d
c4b9259d92f6ea8dc43308e253c6a1449d9b1bf9fc1525c48f5b820d20bcb083,2024-02-28,varat,Asunto,,100000.0,varat,asunto,,1,varat.csv,Actual,1.0,100000.0,mkk,False,c4b9259d92f6ea8dc43308e253c6a1449d9b1bf9fc1525c48f5b820d20bcb083
d2fc8618ff115b2a0848150465db4381d38e80f90783e6f3a4ce9fc366e1d1f0,2023-06-30,varat,Asunto,,100000.0,varat,asunto,,1,varat.csv,Actual,1.0,100000.0,mkk,False,d2fc8618ff115b2a0848150465db4381d38e80f90783e6f3a4ce9fc366e1d1f0
74605a518d4bc1ca3b063b387f680c70bfce11e57ea907d7ba6b7bb2595f4753,2023-05-31,varat,Asunto,,100000.0,varat,asunto,,1,varat.csv,Actual,1.0,100000.0,mkk,False,74605a518d4bc1ca3b063b387f680c70bfce11e57ea907d7ba6b7bb2595f4753
f975f671bcafebe7cf8eed7c88b0ef673722c1e1960205c954c8338a4250fa18,2023-04-30,varat,Asunto,,100000.0,varat,asunto,,1,varat.csv,Actual,1.0,100000.0,mkk,False,f975f671bcafebe7cf8eed7c88b0ef673722c1e1960205c954c8338a4250fa18
228d0b53e29babcfb8e1b738aebcf3ff5b32b9fdab175a0ca051f7616b960ea4,2023-03-31,varat,Asunto,,100000.0,varat,asunto,,1,varat.csv,Actual,1.0,100000.0,mkk,False,228d0b53e29babcfb8e1b738aebcf3ff5b32b9fdab175a0ca051f7616b960ea4
f25ad0be7a7426fea46c588b6257accdb1d29397f24d133470c7785be1a658a0,2023-07-31,varat,Asunto,,100000.0,varat,asunto,,1,varat.csv,Actual,1.0,100000.0,mkk,False,f25ad0be7a7426fea46c588b6257accdb1d29397f24d133470c7785be1a658a0
75291b36b90a66566475939304d287466e29a870eb391b900c63450a0d3d564d,2023-04-30,nordnet_salkkuraportti,Bank Of Nova Scotia,Salkku 1,15858.1,varat,sijoitusvarallisuus,osinkosalkku,10,nordnet_salkkuraportti_preprocessed.csv,Actual,1.0,15858.1,mkk,False,75291b36b90a66566475939304d287466e29a870eb391b900c63450a0d3d564d
6f4e5a814ba408709b9737e33d36d282a4333eeb875ea811e5648b1bccec4c2d,2023-09-30,nordnet_salkkuraportti,Bank Of Nova Scotia,Salkku 1,28192.33,varat,sijoitusvarallisuus,osinkosalkku,10,nordnet_salkkuraportti_preprocessed.csv,Actual,1.0,28192.33,mkk,False,6f4e5a814ba408709b9737e33d36d282a4333eeb875ea811e5648b1bccec4c2d
64f7698968724f19439366d9fbb947d7f795e98aac84cfe8d39267aed66ea61c,2023-06-30,nordnet_salkkuraportti,Bank Of Nova Scotia,Salkku 1,16046.62,varat,sijoitusvarallisuus,osinkosalkku,10,nordnet_salkkuraportti_preprocessed.csv,Actual,1.0,16046.62,mkk,False,64f7698968724f19439366d9fbb947d7f795e98aac84cfe8d39267aed66ea61c
95b7cd90509cbe9f9505d912edca8a989b9c49b383e68a0d09f61b4c87858a22,2023-01-31,nordnet_salkkuraportti,Bank Of Nova Scotia,Salkku 1,17428.91,varat,sijoitusvarallisuus,osinkosalkku,10,nordnet_salkkuraportti_preprocessed.csv,Actual,1.0,17428.91,mkk,False,95b7cd90509cbe9f9505d912edca8a989b9c49b383e68a0d09f61b4c87858a22
b1c0efb8d604888bb12b9d790b12e428efdb78cd0a97f804352b9855daff8220,2023-05-31,nordnet_salkkuraportti,Bank Of Nova Scotia,Salkku 1,15819.42,varat,sijoitusvarallisuus,osinkosalkku,10,nordnet_salkkuraportti_preprocessed.csv,Actual,1.0,15819.42,mkk,False,b1c0efb8d604888bb12b9d790b12e428efdb78cd0a97f804352b9855daff8220
0838694f66fc961178c5576be9a10ebc036c4c6da205b3fb1d1c73326de8614d,2024-01-31,nordnet_salkkuraportti,Bank Of Nova Scotia,Salkku 1,17428.91,varat,sijoitusvarallisuus,osinkosalkku,10,nordnet_salkkuraportti_preprocessed.csv,Actual,1.0,17428.91,mkk,False,0838694f66fc961178c5576be9a10ebc036c4c6da205b3fb1d1c73326de8614d
48ad5f3dd6366c49aac59967c042f5fc05491f1e925cdded5985772214b93f99,2023-02-27,nordnet_salkkuraportti,Bank Of Nova Scotia,Salkku 1,17372.94,varat,sijoitusvarallisuus,osinkosalkku,10,nordnet_salkkuraportti_preprocessed.csv,Actual,1.0,17372.94,mkk,False,48ad5f3dd6366c49aac59967c042f5fc05491f1e925cdded5985772214b93f99
dfe41de54cffa25fc93ccac3df21c39882df79d61705c2a2093970d809807fce,2023-10-31,nordnet_salkkuraportti,Bank Of Nova Scotia,Salkku 1,25456.68,varat,sijoitusvarallisuus,osinkosalkku,10,nordnet_salkkuraportti_preprocessed.csv,Actual,1.0,25456.68,mkk,False,dfe41de54cffa25fc93ccac3df21c39882df79d61705c2a2093970d809807fce
5013fa374119eab001629869b3e3ff977e98b861c2cb2b353527904ec636fee0,2024-02-28,nordnet_salkkuraportti,Bank Of Nova Scotia,Salkku 1,17428.91,varat,sijoitusvarallisuus,osinkosalkku,10,nordnet_salkkuraportti_preprocessed.csv,Actual,1.0,17428.91,mkk,False,5013fa374119eab001629869b3e3ff977e98b861c2cb2b353527904ec636fee0
4f6f16f990fabcadb9ba48b1f9826ebf97ffad282df55c1b819d9cc8e6b0d6e2,2023-03-31,nordnet_salkkuraportti,Bank Of Nova Scotia,Salkku 1,16251.22,varat,sijoitusvarallisuus,osinkosalkku,10,nordnet_salkkuraportti_preprocessed.csv,Actual,1.0,16251.22,mkk,False,4f6f16f990fabcadb9ba48b1f9826ebf97ffad282df55c1b819d9cc8e6b0d6e2
c0c7e1f5c88b8202e7005691493c02d58624ebde91be5529469855f23758d36b,2023-12-31,nordnet_salkkuraportti,Bank Of Nova Scotia,Salkku 1,29314.14,varat,sijoitusvarallisuus,osinkosalkku,10,nordnet_salkkuraportti_preprocessed.csv,Actual,1.0,29314.14,mkk,False,c0c7e1f5c88b8202e7005691493c02d58624ebde91be5529469855f23758d36b
26709d5246b8d22cb72877648ebbddef6bd57e7f80c7d8fae9defa3040f48ba4,2023-07-31,nordnet_salkkuraportti,Bank Of Nova Scotia,Salkku 1,30456.51,varat,sijoitusvarallisuus,osinkosalkku,10,nordnet_salkkuraportti_preprocessed.csv,Actual,1.0,30456.51,mkk,False,26709d5246b8d22cb72877648ebbddef6bd57e7f80c7d8fae9defa3040f48ba4
f97a9f89f8391bbdaaa5647444fd0e8d87b1d3b5e90d7c7541c9a7fa32fa0968,2023-11-30,nordnet_salkkuraportti,Bank Of Nova Scotia,Salkku 1,27330.59,varat,sijoitusvarallisuus,osinkosalkku,10,nordnet_salkkuraportti_preprocessed.csv,Actual,1.0,27330.59,mkk,False,f97a9f89f8391bbdaaa5647444fd0e8d87b1d3b5e90d7c7541c9a7fa32fa0968
2058fda3568ab4395d1866045b1fcebbd6750daa893d2875417066a6dfa3a994,2023-08-31,nordnet_salkkuraportti,Bank Of Nova Scotia,Salkku 1,29098.41,varat,sijoitusvarallisuus,osinkosalkku,10,nordnet_salkkuraportti_preprocessed.csv,Actual,1.0,29098.41,mkk,False,2058fda3568ab4395d1866045b1fcebbd6750daa893d2875417066a6dfa3a994
0a3539d2b70b4ee5d050db34ea0e1ad1c1bd584747e9c8addbebe5abb22e48a4,2024-01-31,nordnet_salkkuraportti,CubeSmart,Salkku 1,6738.83,varat,sijoitusvarallisuus,osinkosalkku,10,nordnet_salkkuraportti_preprocessed.csv,Actual,1.0,6738.83,mkk,False,0a3539d2b70b4ee5d050db34ea0e1ad1c1bd584747e9c8addbebe5abb22e48a4
b95c0c530190d5a8421887a948904d9fff8ce36b2802c0accfd14fe11f65407c,2023-12-31,nordnet_salkkuraportti,CubeSmart,Salkku 1,13014.93,varat,sijoitusvarallisuus,osinkosalkku,10,nordnet_salkkuraportti_preprocessed.csv,Actual,1.0,13014.93,mkk,False,b95c0c530190d5a8421887a948904d9fff8ce36b2802c0accfd14fe11f65407c
78e039c246d7f0bb1a093a0b6284d2cf481dd04472aec07a4eea9fd39560cd17,2023-10-31,nordnet_salkkuraportti,CubeSmart,Salkku 1,5158.22,varat,sijoitusvarallisuus,osinkosalkku,10,nordnet_salkkuraportti_preprocessed.csv,Actual,1.0,5158.22,mkk,False,78e039c246d7f0bb1a093a0b6284d2cf481dd04472aec07a4eea9fd39560cd17
98a101cc03a271c902715d8f0118be1205a75ce1ca99dc406a79ec780cb91447,2023-01-31,nordnet_salkkuraportti,CubeSmart,Salkku 1,6738.83,varat,sijoitusvarallisuus,osinkosalkku,10,nordnet_salkkuraportti_preprocessed.csv,Actual,1.0,6738.83,mkk,False,98a101cc03a271c902715d8f0118be1205a75ce1ca99dc406a79ec780cb91447
d35498e25c4d51a2d578025e3d6cb0f6a03fbf113d9d6e4104ac3f74d0eb0817,2023-08-31,nordnet_salkkuraportti,CubeSmart,Salkku 1,6154.36,varat,sijoitusvarallisuus,osinkosalkku,10,nordnet_salkkuraportti_preprocessed.csv,Actual,1.0,6154.36,mkk,False,d35498e25c4d51a2d578025e3d6cb0f6a03fbf113d9d6e4104ac3f74d0eb0817
e5899e3d691e69c68db801227bb770135878dacd8d7f9fc7c1492b29e1acda90,2023-11-30,nordnet_salkkuraportti,CubeSmart,Salkku 1,11323.45,varat,sijoitusvarallisuus,osinkosalkku,10,nordnet_salkkuraportti_preprocessed.csv,Actual,1.0,11323.45,mkk,False,e5899e3d691e69c68db801227bb770135878dacd8d7f9fc7c1492b29e1acda90
bc3781a8466e28f23e44773515646baa21960b4cfa7e2d717744b1bb9d764c80,2023-06-30,nordnet_salkkuraportti,CubeSmart,Salkku 1,6547.12,varat,sijoitusvarallisuus,osinkosalkku,10,nordnet_salkkuraportti_preprocessed.csv,Actual,1.0,6547.12,mkk,False,bc3781a8466e28f23e44773515646baa21960b4cfa7e2d717744b1bb9d764c80
5f6df939b73c01ce95aebab8a3431430cae6cc79594d34b2371c00141e6c6af6,2023-02-27,nordnet_salkkuraportti,CubeSmart,Salkku 1,7034.91,varat,sijoitusvarallisuus,osinkosalkku,10,nordnet_salkkuraportti_preprocessed.csv,Actual,1.0,7034.91,mkk,False,5f6df939b73c01ce95aebab8a3431430cae6cc79594d34b2371c00141e6c6af6
3540aefd675bef4970ffa11b111984546c13cc41e43bdf0d5680dad8a82132bc,2023-05-31,nordnet_salkkuraportti,CubeSmart,Salkku 1,6654.11,varat,sijoitusvarallisuus,osinkosalkku,10,nordnet_salkkuraportti_preprocessed.csv,Actual,1.0,6654.11,mkk,False,3540aefd675bef4970ffa11b111984546c13cc41e43bdf0d5680dad8a82132bc
585557925e88470518e9977e6147079ddec63782395a38d5d6d8aa5a595b0b54,2023-03-31,nordnet_salkkuraportti,CubeSmart,Salkku 1,6817.72,varat,sijoitusvarallisuus,osinkosalkku,10,nordnet_salkkuraportti_preprocessed.csv,Actual,1.0,6817.72,mkk,False,585557925e88470518e9977e6147079ddec63782395a38d5d6d8aa5a595b0b54
71b099c64470dcf0ae9219f3afbfeeb566bd37bb2fb499aab920626b5e773cef,2023-04-30,nordnet_salkkuraportti,CubeSmart,Salkku 1,6604.95,varat,sijoitusvarallisuus,osinkosalkku,10,nordnet_salkkuraportti_preprocessed.csv,Actual,1.0,6604.95,mkk,False,71b099c64470dcf0ae9219f3afbfeeb566bd37bb2fb499aab920626b5e773cef
b3d42b538a64b5f44ad130c26e283d5e395ab53520f68d2417285955b4b8fd62,2024-02-28,nordnet_salkkuraportti,CubeSmart,Salkku 1,6738.83,varat,sijoitusvarallisuus,osinkosalkku,10,nordnet_salkkuraportti_preprocessed.csv,Actual,1.0,6738.83,mkk,False,b3d42b538a64b5f44ad130c26e283d5e395ab53520f68d2417285955b4b8fd62
9b95d2a00ec6119725c4fdbdd8033790b65b19e3cea4f51a75b074a641fca0f0,2023-09-30,nordnet_salkkuraportti,CubeSmart,Salkku 1,5770.41,varat,sijoitusvarallisuus,osinkosalkku,10,nordnet_salkkuraportti_preprocessed.csv,Actual,1.0,5770.41,mkk,False,9b95d2a00ec6119725c4fdbdd8033790b65b19e3cea4f51a75b074a641fca0f0
a4e859680c71aaefa7dc80fc53b40ee8584b032270bb634d94131ec62790d606,2023-07-31,nordnet_salkkuraportti,CubeSmart,Salkku 1,6309.6,varat,sijoitusvarallisuus,osinkosalkku,10,nordnet_salkkuraportti_preprocessed.csv,Actual,1.0,6309.6,mkk,False,a4e859680c71aaefa7dc80fc53b40ee8584b032270bb634d94131ec62790d606
687afa30a70a44470d6d8b5439be88d8115099c00aab7d0053a3fa51127327f9,2023-03-29,penno,Kahvittelu,Pulla,-3.5,menot,ruoka,välipalat,19,penno.xlsx,Actual,1.0,-3.5,mkk,False,687afa30a70a44470d6d8b5439be88d8115099c00aab7d0053a3fa51127327f9
fc9b6faa5abe789e3d61f9cabdf8891b603aefc2234e49355ffc58930a4bca7d,2023-03-29,penno,Liikenne,Bussi,-3.1,menot,liikkuminen,,20,penno.xlsx,Actual,1.0,-3.1,mkk,False,fc9b6faa5abe789e3d61f9cabdf8891b603aefc2234e49355ffc58930a4bca7d
305af4bb02e93155b14ad17862313dc8038c5352c902e90dec16f93aec65ea34,2023-03-28,penno,Liikenne,Juna,-19.1,menot,liikkuminen,,20,penno.xlsx,Actual,1.0,-19.1,mkk,False,305af4bb02e93155b14ad17862313dc8038c5352c902e90dec16f93aec65ea34
02fa96ddbfa4055890481e2c46cac722f9d65d94031ed00adad5cc936b30f4cc,2023-03-11,penno,Liikenne,Juna,-13.4,menot,liikkuminen,,20,penno.xlsx,Actual,1.0,-13.4,mkk,False,02fa96ddbfa4055890481e2c46cac722f9d65d94031ed00adad5cc936b30f4cc
f63e90c9c1f12f31140e29d1f73d1538b47843c64a989d6fa240d4a20066cf69,2023-04-30,nordnet_salkkuraportti,Likvidit varat,Salkku 3,1692.41,varat,sijoitusvarallisuus,kasvusalkku,11,nordnet_salkkuraportti_preprocessed.csv,Actual,1.0,1692.41,mkk,False,f63e90c9c1f12f31140e29d1f73d1538b47843c64a989d6fa240d4a20066cf69
b772db50e456ed789e7cf354768e0c6bd4483a2373636a8279efd9b5fa8b812a,2023-02-27,nordnet_salkkuraportti,Likvidit varat,Salkku 3,1692.41,varat,sijoitusvarallisuus,kasvusalkku,11,nordnet_salkkuraportti_preprocessed.csv,Actual,1.0,1692.41,mkk,False,b772db50e456ed789e7cf354768e0c6bd4483a2373636a8279efd9b5fa8b812a
84c3868f2e25a710c4149df03a8b05cdad2dc6c5c95ce6b3c23385ed51b7d7d4,2023-01-31,nordnet_salkkuraportti,Likvidit varat,Salkku 3,1692.41,varat,sijoitusvarallisuus,kasvusalkku,11,nordnet_salkkuraportti_preprocessed.csv,Actual,1.0,1692.41,mkk,False,84c3868f2e25a710c4149df03a8b05cdad2dc6c5c95ce6b3c23385ed51b7d7d4
b48c372d6541faf3784761ef011c79d14388f09c44a2573ea9dae8dce6222b38,2023-03-31,nordnet_salkkuraportti,Likvidit varat,Salkku 3,1692.41,varat,sijoitusvarallisuus,kasvusalkku,11,nordnet_salkkuraportti_preprocessed.csv,Actual,1.0,1692.41,mkk,False,b48c372d6541faf3784761ef011c79d14388f09c44a2573ea9dae8dce6222b38
b613d6623d669d1987123206277a000a71329f25519fa2e6cf47030cbe6e459a,2023-03-14,penno,Muut,,-25.0,menot,muut,,24,penno.xlsx,Actual,1.0,-25.0,mkk,False,b613d6623d669d1987123206277a000a71329f25519fa2e6cf47030cbe6e459a
e6b87237c8dc3dd42529a1cb78c2befd2229a06437f4811a38b2a7b5b7424435,2023-12-01,luottokortti,Netflix,MEMBER ORGANIZATIONS - DEF,-11.65,menot,media,suoratoisto,3,luottokortti.xlsx,Actual,1.0,-11.65,mkk,False,e6b87237c8dc3dd42529a1cb78c2befd2229a06437f4811a38b2a7b5b7424435
c6f427ffdc1ce3ffdf99ccd66e623a33c7aadc71706e83b96a5ec9cdfb3ee8ff,2023-08-03,luottokortti,Netflix,MEMBER ORGANIZATIONS - DEF,-11.65,menot,media,suoratoisto,3,luottokortti.xlsx,Actual,1.0,-11.65,mkk,False,c6f427ffdc1ce3ffdf99ccd66e623a33c7aadc71706e83b96a5ec9cdfb3ee8ff
43f536c81d48f5bd616c225c4c31e03e89d1dd412f8ea6d5e3d813b3b2983c6c,2023-02-04,luottokortti,Netflix,MEMBER ORGANIZATIONS - DEF,-11.65,menot,media,suoratoisto,3,luottokortti.xlsx,Actual,1.0,-11.65,mkk,False,43f536c81d48f5bd616c225c4c31e03e89d1dd412f8ea6d5e3d813b3b2983c6c
0840f8d74ff11324ccc8b1993a7a9ac9010c60d82174324c64ba8867f54c6b92,2023-05-05,luottokortti,Netflix,MEMBER ORGANIZATIONS - DEF,-11.65,menot,media,suoratoisto,3,luottokortti.xlsx,Actual,1.0,-11.65,mkk,False,0840f8d74ff11324ccc8b1993a7a9ac9010c60d82174324c64ba8867f54c6b92
2b9b6fce2d8d04633ce9b03077d3540609670c3dbb8a2c3aeba48b5559ee3bf9,2023-09-02,luottokortti,Netflix,MEMBER ORGANIZATIONS - DEF,-11.65,menot,media,suoratoisto,3,luottokortti.xlsx,Actual,1.0,-11.65,mkk,False,2b9b6fce2d8d04633ce9b03077d3540609670c3dbb8a2c3aeba48b5559ee3bf9
256be523047c6ff1965a1c5dc762b6fd62942f2c37275549d49bcd42f1baf417,2023-01-05,luottokortti,Netflix,MEMBER ORGANIZATIONS - DEF,-11.65,menot,media,suoratoisto,3,luottokortti.xlsx,Actual,1.0,-11.65,mkk,False,256be523047c6ff1965a1c5dc762b6fd62942f2c37275549d49bcd42f1baf417
32bfcc6029d741c56f3e9650dccc7d18dbbf4d99fa23832ea2e830d4f6dc6ab0,2023-03-06,luottokortti,Netflix,MEMBER ORGANIZATIONS - DEF,-11.65,menot,media,suoratoisto,3,luottokortti.xlsx,Actual,1.0,-11.65,mkk,False,32bfcc6029d741c56f3e9650dccc7d18dbbf4d99fa23832ea2e830d4f6dc6ab0
74b228a5c2d47f948bdeededb6191e6e1e95690fee27e9e99ab8a66f3845592d,2023-10-02,luottokortti,Netflix,MEMBER ORGANIZATIONS - DEF,-11.65,menot,media,suoratoisto,3,luottokortti.xlsx,Actual,1.0,-11.65,mkk,False,74b228a5c2d47f948bdeededb6191e6e1e95690fee27e9e99ab8a66f3845592d
a3fb8469c1ee7398a6f46346f329aef43d1153871f10514918958be0704eaed8,2023-07-04,luottokortti,Netflix,MEMBER ORGANIZATIONS - DEF,-11.65,menot,media,suoratoisto,3,luottokortti.xlsx,Actual,1.0,-11.65,mkk,False,a3fb8469c1ee7398a6f46346f329aef43d1153871f10514918958be0704eaed8
ba2533c8fd17f98df7096ca811a8290782073bd904f05640d909cd7adf585b2c,2023-04-05,luottokortti,Netflix,MEMBER ORGANIZATIONS - DEF,-11.65,menot,media,suoratoisto,3,luottokortti.xlsx,Actual,1.0,-11.65,mkk,False,ba2533c8fd17f98df7096ca811a8290782073bd904f05640d909cd7adf585b2c
4d253e424200a8e374b4b43d3aa3f7f67c2be99f4cee8f3ba37ac9afaeef2a14,2023-11-01,luottokortti,Netflix,MEMBER ORGANIZATIONS - DEF,-11.65,menot,media,suoratoisto,3,luottokortti.xlsx,Actual,1.0,-11.65,mkk,False,4d253e424200a8e374b4b43d3aa3f7f67c2be99f4cee8f3ba37ac9afaeef2a14
01b9f5b63493bd095772bff6a2445826cabaf90c8cb229c7daa730becd657dd3,2023-06-04,luottokortti,Netflix,MEMBER ORGANIZATIONS - DEF,-11.65,menot,media,suoratoisto,3,luottokortti.xlsx,Actual,1.0,-11.65,mkk,False,01b9f5b63493bd095772bff6a2445826cabaf90c8cb229c7daa730becd657dd3
e7f703d9c96ac4789089a029b9f1806a6e89076acf243d7e1a9dd2d1a7947dfe,2023-11-30,varat,Nordean sijoitukset,,22934.0,varat,sijoitusvarallisuus,osakkeet,7,varat.csv,Actual,1.0,22934.0,mkk,False,e7f703d9c96ac4789089a029b9f1806a6e89076acf243d7e1a9dd2d1a7947dfe
a4a8ad18937ec63f96feaafd29905ba37ce3a35c187c34ea22373cbdbea01a04,2023-10-31,varat,Nordean sijoitukset,,21624.0,varat,sijoitusvarallisuus,osakkeet,7,varat.csv,Actual,1.0,21624.0,mkk,False,a4a8ad18937ec63f96feaafd29905ba37ce3a35c187c34ea22373cbdbea01a04
9196bd276475a23a2ee5ffc9fb609ed7a3e58ffa38e7ae8c4a509ae7cd645e14,2023-03-31,varat,Nordean sijoitukset,,12471.0,varat,sijoitusvarallisuus,osakkeet,7,varat.csv,Actual,1.0,12471.0,mkk,False,9196bd276475a23a2ee5ffc9fb609ed7a3e58ffa38e7ae8c4a509ae7cd645e14
b32373cecc93bf19a5a5b22764afd4998394e589c13885abc1befaaf0624e5b4,2023-09-30,varat,Nordean sijoitukset,,20145.0,varat,sijoitusvarallisuus,osakkeet,7,varat.csv,Actual,1.0,20145.0,mkk,False,b32373cecc93bf19a5a5b22764afd4998394e589c13885abc1befaaf0624e5b4
3b3007a6222f234fd9bf6aa73694b386cb44b9d7cde054f1236d5a89eaa396b6,2023-01-31,varat,Nordean sijoitukset,,10000.0,varat,sijoitusvarallisuus,osakkeet,7,varat.csv,Actual,1.0,10000.0,mkk,False,3b3007a6222f234fd9bf6aa73694b386cb44b9d7cde054f1236d5a89eaa396b6
8ddc8a95330a63a542dc4c8c5c1849708f022d84b686cf737042e9e3aa7db14f,2023-12-31,varat,Nordean sijoitukset,,23593.0,varat,sijoitusvarallisuus,osakkeet,7,varat.csv,Actual,1.0,23593.0,mkk,False,8ddc8a95330a63a542dc4c8c5c1849708f022d84b686cf737042e9e3aa7db14f
445b9b313f588db2994375be56c694f3eb89f82f52a3fd7659acc5a7fafc01db,2024-01-31,varat,Nordean sijoitukset,,23893.0,varat,sijoitusvarallisuus,osakkeet,7,varat.csv,Actual,1.0,23893.0,mkk,False,445b9b313f588db2994375be56c694f3eb89f82f52a3fd7659acc5a7fafc01db
f547ad8871dcb425d866dc0e232cd558b6199c6f2446745a08ca5c77d376b81b,2023-02-28,varat,Nordean sijoitukset,,11085.0,varat,sijoitusvarallisuus,osakkeet,7,varat.csv,Actual,1.0,11085.0,mkk,False,f547ad8871dcb425d866dc0e232cd558b6199c6f2446745a08ca5c77d376b81b
3bd5ef225a984203f0e83ee7b9a9ff22a6eca9171a04c479cb5d7d3f8878bc82,2023-08-31,varat,Nordean sijoitukset,,18713.0,varat,sijoitusvarallisuus,osakkeet,7,varat.csv,Actual,1.0,18713.0,mkk,False,3bd5ef225a984203f0e83ee7b9a9ff22a6eca9171a04c479cb5d7d3f8878bc82
637f6b71a2e017ddbb76b2b845a7eca07e2673cc02a35d4d256c2e65c8bab61a,2023-07-31,varat,Nordean sijoitukset,,18019.0,varat,sijoitusvarallisuus,osakkeet,7,varat.csv,Actual,1.0,18019.0,mkk,False,637f6b71a2e017ddbb76b2b845a7eca07e2673cc02a35d4d256c2e65c8bab61a
a22ad8dc06e46daba8f1b4ee83aca1234602d9bc060e3a217c891841a73ebe9c,2023-06-30,varat,Nordean sijoitukset,,16529.0,varat,sijoitusvarallisuus,osakkeet,7,varat.csv,Actual,1.0,16529.0,mkk,False,a22ad8dc06e46daba8f1b4ee83aca1234602d9bc060e3a217c891841a73ebe9c
b60b5c40e54a19f4e72434abd3cabd2005319feda309aca121b6ad4231975c3b,2024-02-28,varat,Nordean sijoitukset,,22893.0,varat,sijoitusvarallisuus,osakkeet,7,varat.csv,Actual,1.0,22893.0,mkk,False,b60b5c40e54a19f4e72434abd3cabd2005319feda309aca121b6ad4231975c3b
22eab7b8269c6daa1d83d0709861d8b7058b81888a1e679dc16b976271b5b28a,2023-05-31,varat,Nordean sijoitukset,,15228.0,varat,sijoitusvarallisuus,osakkeet,7,varat.csv,Actual,1.0,15228.0,mkk,False,22eab7b8269c6daa1d83d0709861d8b7058b81888a1e679dc16b976271b5b28a
c33e278be9fcedbbe00718d076b9240617252d16ce69d8839e61d186405ae428,2023-04-30,varat,Nordean sijoitukset,,13954.0,varat,sijoitusvarallisuus,osakkeet,7,varat.csv,Actual,1.0,13954.0,mkk,False,c33e278be9fcedbbe00718d076b9240617252d16ce69d8839e61d186405ae428
1040b9bf6fd08811e72b07ae404a69128050d8dbb5371f4774ff8065a4032121,2023-04-17,osingot,O,ENNAKKOPIDÄTYS,-13.22,tulot,pääomatulot,osinkotulot,15,osingot-2023-2024.csv,Actual,1.0,-13.22,mkk,False,1040b9bf6fd08811e72b07ae404a69128050d8dbb5371f4774ff8065a4032121
1dfd612abdec49dc261a1617e6b2cb476880865a7ca5b6966446abf261c3d7e5,2023-06-16,osingot,O,ENNAKKOPIDÄTYS,-13.28,tulot,pääomatulot,osinkotulot,15,osingot-2023-2024.csv,Actual,1.0,-13.28,mkk,False,1dfd612abdec49dc261a1617e6b2cb476880865a7ca5b6966446abf261c3d7e5
0163b7d4b85aab11ba96e643ecdcaabecc3decb16617892ba6228e052f8e5f1f,2023-06-16,osingot,O,OSINKO,88.56,tulot,pääomatulot,osinkotulot,15,osingot-2023-2024.csv,Actual,1.0,88.56,mkk,False,0163b7d4b85aab11ba96e643ecdcaabecc3decb16617892ba6228e052f8e5f1f
5ee65c18e8e29e5d70cf03657387bfac02dd2113aaedc325b98f66cd851c1c52,2023-05-16,osingot,O,ENNAKKOPIDÄTYS,-13.36,tulot,pääomatulot,osinkotulot,15,osingot-2023-2024.csv,Actual,1.0,-13.36,mkk,False,5ee65c18e8e29e5d70cf03657387bfac02dd2113aaedc325b98f66cd851c1c52
aa96d328c3aee24a35c95b1dfb94ae36f4817b9e18ed6cf2a36d7b5a80e7be4d,2023-05-16,osingot,O,OSINKO,89.05,tulot,pääomatulot,osinkotulot,15,osingot-2023-2024.csv,Actual,1.0,89.05,mkk,False,aa96d328c3aee24a35c95b1dfb94ae36f4817b9e18ed6cf2a36d7b5a80e7be4d
82b9f56090449659442f74d437bb684b061cad449abc24b98d08fb66f708f23d,2023-01-16,osingot,O,OSINKO,87.35,tulot,pääomatulot,osinkotulot,15,osingot-2023-2024.csv,Actual,1.0,87.35,mkk,False,82b9f56090449659442f74d437bb684b061cad449abc24b98d08fb66f708f23d
3a8eb123fade1fca52a4c2aa9841a381ef2f1cad44f95b508f7072a19614acdf,2023-04-17,osingot,O,OSINKO,88.11,tulot,pääomatulot,osinkotulot,15,osingot-2023-2024.csv,Actual,1.0,88.11,mkk,False,3a8eb123fade1fca52a4c2aa9841a381ef2f1cad44f95b508f7072a19614acdf
e5426e419fc5ed2064a5f256e1502952656cf9ab710cad42951ef5698bdba926,2023-03-16,osingot,O,ENNAKKOPIDÄTYS,-13.66,tulot,pääomatulot,osinkotulot,15,osingot-2023-2024.csv,Actual,1.0,-13.66,mkk,False,e5426e419fc5ed2064a5f256e1502952656cf9ab710cad42951ef5698bdba926
5c0e11e8644a78e7ab23d2c8b10332d7a9a0a1a6290750386a315205715570c7,2023-03-16,osingot,O,OSINKO,91.05,tulot,pääomatulot,osinkotulot,15,osingot-2023-2024.csv,Actual,1.0,91.05,mkk,False,5c0e11e8644a78e7ab23d2c8b10332d7a9a0a1a6290750386a315205715570c7
a96d480c0dddc4c620d35871512e00d944b8a2e741b5a1e3f11d405de08eb0db,2023-02-16,osingot,O,ENNAKKOPIDÄTYS,-13.22,tulot,pääomatulot,osinkotulot,15,osingot-2023-2024.csv,Actual,1.0,-13.22,mkk,False,a96d480c0dddc4c620d35871512e00d944b8a2e741b5a1e3f11d405de08eb0db
5727cb9287682ea889c0dc3cd9f36fc89a5ca93c8b0138afc7b8faea8456f537,2023-02-16,osingot,O,OSINKO,88.13,tulot,pääomatulot,osinkotulot,15,osingot-2023-2024.csv,Actual,1.0,88.13,mkk,False,5727cb9287682ea889c0dc3cd9f36fc89a5ca93c8b0138afc7b8faea8456f537
2c339b52aeab741bcc8ada5e3add1ed0f8cade11a80c1f8b3e3184e03cc930d3,2024-01-16,osingot,O,OSINKO,87.35,tulot,pääomatulot,osinkotulot,15,osingot-2023-2024.csv,Actual,1.0,87.35,mkk,False,2c339b52aeab741bcc8ada5e3add1ed0f8cade11a80c1f8b3e3184e03cc930d3
28356a2cc5b43516636fa2f83d78afcc4ff8afb216d94eff39890d0deb3cc0f8,2024-01-16,osingot,O,ENNAKKOPIDÄTYS,-13.1,tulot,pääomatulot,osinkotulot,15,osingot-2023-2024.csv,Actual,1.0,-13.1,mkk,False,28356a2cc5b43516636fa2f83d78afcc4ff8afb216d94eff39890d0deb3cc0f8
138d3c5cae4347d1f51448be68c7678aef937e976b384ed1a4bae5483f593057,2024-02-16,osingot,O,OSINKO,88.13,tulot,pääomatulot,osinkotulot,15,osingot-2023-2024.csv,Actual,1.0,88.13,mkk,False,138d3c5cae4347d1f51448be68c7678aef937e976b384ed1a4bae5483f593057
2aec10778bdf537f3657cfee3fcec7309e92018e33d01615fd4bee9af2992e05,2024-02-16,osingot,O,ENNAKKOPIDÄTYS,-13.22,tulot,pääomatulot,osinkotulot,15,osingot-2023-2024.csv,Actual,1.0,-13.22,mkk,False,2aec10778bdf537f3657cfee3fcec7309e92018e33d01615fd4bee9af2992e05
00a60fb5824a9c5c3a12c0a13d6239c1a72f92b96edbc1454e16b2f729806d0b,2023-01-16,osingot,O,ENNAKKOPIDÄTYS,-13.1,tulot,pääomatulot,osinkotulot,15,osingot-2023-2024.csv,Actual,1.0,-13.1,mkk,False,00a60fb5824a9c5c3a12c0a13d6239c1a72f92b96edbc1454e16b2f729806d0b
702bb34834278aa6c4e20a2c390f91d6082d117064e053c773de49fbb761472d,2024-02-28,s-pankki,Oma tilisiirto,KORTTIOSTO,-500.0,pois,sisäinen tilisiirto,,16,s-pankki_2024_01-2024_12.csv,Actual,1.0,-500.0,mkk,False,702bb34834278aa6c4e20a2c390f91d6082d117064e053c773de49fbb761472d
3f974b2d35a84e69c258563bdab9073b49ea4ded7aec6fb157b00a49521082e6,2023-12-29,s-pankki,P.Ohatta,HYVITYSKORKO,0.36,tulot,passiiviset tulot,korkotulot,5,s-pankki_2023_07-2023_12.csv,Actual,1.0,0.36,mkk,False,3f974b2d35a84e69c258563bdab9073b49ea4ded7aec6fb157b00a49521082e6
34958e928d6af5086a674a868d9d96f72e5fe4169d008ba089cfa51334cfa00e,2023-03-31,penno,Palkka,Matkakorvauksia,200.0,tulot,ansiotulot,,21,penno.xlsx,Actual,1.0,200.0,mkk,False,34958e928d6af5086a674a868d9d96f72e5fe4169d008ba089cfa51334cfa00e
454df0c9f9cbbd470a6786956831f2365c3b9b41ab8e37bd71578076193eee4b,2023-03-30,penno,Palkka,,1000.0,tulot,ansiotulot,,21,penno.xlsx,Actual,1.0,1000.0,mkk,False,454df0c9f9cbbd470a6786956831f2365c3b9b41ab8e37bd71578076193eee4b
80f08d65cda8b59b89b56de43154a8467bc4b34956f6c66df60d2fa174e14e14,2023-04-01,s-pankki,Prisma,KORTTIOSTO,-500.0,menot,ruoka,ruoka,4,s-pankki_2023_01-2023_06.csv,Actual,1.0,-500.0,mkk,False,80f08d65cda8b59b89b56de43154a8467bc4b34956f6c66df60d2fa174e14e14
558ea8c6f3b0a7a75e673a9a27a1a10e252babc4c23c1f3e6e03f47b69681694,2024-01-01,s-pankki,Prisma,KORTTIOSTO,-500.0,menot,ruoka,ruoka,4,s-pankki_2024_01-2024_12.csv,Actual,1.0,-500.0,mkk,False,558ea8c6f3b0a7a75e673a9a27a1a10e252babc4c23c1f3e6e03f47b69681694
e2aaba9e5cd203717eedf93862bcfc6c8a56d026fd458360100c5c4cb48d9758,2024-02-01,s-pankki,Prisma,KORTTIOSTO,-500.0,menot,ruoka,ruoka,4,s-pankki_2024_01-2024_12.csv,Actual,1.0,-500.0,mkk,False,e2aaba9e5cd203717eedf93862bcfc6c8a56d026fd458360100c5c4cb48d9758
542979a2529821aef7a973824f67cf2daea6871d6a33e17ac97b1ae797bcc074,2023-06-01,s-pankki,Prisma,KORTTIOSTO,-500.0,menot,ruoka,ruoka,4,s-pankki_2023_01-2023_06.csv,Actual,1.0,-500.0,mkk,False,542979a2529821aef7a973824f67cf2daea6871d6a33e17ac97b1ae797bcc074
e86a976078533dde734f42810ddfbdc3b7c093e5b8335337cc6e591f3b7caad9,2023-07-01,s-pankki,Prisma,KORTTIOSTO,-1500.0,menot,ruoka,ruoka,4,s-pankki_2023_07-2023_12.csv,Actual,1.0,-1500.0,mkk,False,e86a976078533dde734f42810ddfbdc3b7c093e5b8335337cc6e591f3b7caad9
9345633e0f60a20c0c554fbd9d77c1f34f64079f3c32889665379c28335d3ec2,2023-09-01,s-pankki,Prisma,KORTTIOSTO,-1500.0,menot,ruoka,ruoka,4,s-pankki_2023_07-2023_12.csv,Actual,1.0,-1500.0,mkk,False,9345633e0f60a20c0c554fbd9d77c1f34f64079f3c32889665379c28335d3ec2
f3b6bbecf95ef6e30165e46e55862277b3c946e8a3cc85da8bd2fa6d88f335c7,2023-03-01,s-pankki,Prisma,KORTTIOSTO,-500.0,menot,ruoka,ruoka,4,s-pankki_2023_01-2023_06.csv,Actual,1.0,-500.0,mkk,False,f3b6bbecf95ef6e30165e46e55862277b3c946e8a3cc85da8bd2fa6d88f335c7
ef8afef3f65074ab547d17b82dcd7061b52e5597e0a62c438c31cbfc05ee0e02,2023-11-01,s-pankki,Prisma,KORTTIOSTO,-1500.0,menot,ruoka,ruoka,4,s-pankki_2023_07-2023_12.csv,Actual,1.0,-1500.0,mkk,False,ef8afef3f65074ab547d17b82dcd7061b52e5597e0a62c438c31cbfc05ee0e02
fd0e7a6c0f7ff4cdfd7a3745306a8a8cfe302c95b4edff1b22183df03102fb1c,2023-12-01,s-pankki,Prisma,KORTTIOSTO,-1500.0,menot,ruoka,ruoka,4,s-pankki_2023_07-2023_12.csv,Actual,1.0,-1500.0,mkk,False,fd0e7a6c0f7ff4cdfd7a3745306a8a8cfe302c95b4edff1b22183df03102fb1c
eb26fe214fb48f0e935d0a1b7c2e40fe16776c79d4586a1885eda27d02d45074,2023-05-01,s-pankki,Prisma,KORTTIOSTO,-500.0,menot,ruoka,ruoka,4,s-pankki_2023_01-2023_06.csv,Actual,1.0,-500.0,mkk,False,eb26fe214fb48f0e935d0a1b7c2e40fe16776c79d4586a1885eda27d02d45074
5f59adb9bbff219f570c28982cde3dc47be3622a1888a0b558716e90906c509c,2023-01-01,s-pankki,Prisma,KORTTIOSTO,-500.0,menot,ruoka,ruoka,4,s-pankki_2023_01-2023_06.csv,Actual,1.0,-500.0,mkk,False,5f59adb9bbff219f570c28982cde3dc47be3622a1888a0b558716e90906c509c
31bd77f649db945fb172d8e1d8094c78c416ecae7c1d0a6b086bb18e9551fd3d,2023-02-01,s-pankki,Prisma,KORTTIOSTO,-500.0,menot,ruoka,ruoka,4,s-pankki_2023_01-2023_06.csv,Actual,1.0,-500.0,mkk,False,31bd77f649db945fb172d8e1d8094c78c416ecae7c1d0a6b086bb18e9551fd3d
1b5da416110465df211cdaf3a57de54a9e25ac6ddd74b60c17522a5b28519f1c,2023-10-01,s-pankki,Prisma,KORTTIOSTO,-1500.0,menot,ruoka,ruoka,4,s-pankki_2023_07-2023_12.csv,Actual,1.0,-1500.0,mkk,False,1b5da416110465df211cdaf3a57de54a9e25ac6ddd74b60c17522a5b28519f1c
dd3c2318a417008fbbef06fcf9ca20534dc51d3a1678fe40547de5264a1df048,2023-08-01,s-pankki,Prisma,KORTTIOSTO,-1500.0,menot,ruoka,ruoka,4,s-pankki_2023_07-2023_12.csv,Actual,1.0,-1500.0,mkk,False,dd3c2318a417008fbbef06fcf9ca20534dc51d3a1678fe40547de5264a1df048
caafae4789188c757324b5686650644f3a089c1ae4320167d4ff94882644c9b5,2023-12-27,s-pankki,Puuilo,KORTTIOSTO,-19.9,menot,muut menot,,9,s-pankki_2023_07-2023_12.csv,Actual,1.0,-19.9,mkk,False,caafae4789188c757324b5686650644f3a089c1ae4320167d4ff94882644c9b5
2cafe6b1c51b9300d7bcf49350fafb1f8d7b997c60a9365f019b393f006c0632,2023-03-11,penno,Ruokakauppa,,-21.18,menot,ruoka,ruoka,22,penno.xlsx,Actual,1.0,-21.18,mkk,False,2cafe6b1c51b9300d7bcf49350fafb1f8d7b997c60a9365f019b393f006c0632
795cabcb61124c108fedec76a1dd111f14568a6b76cf4de072df39fe1d95d025,2023-03-14,penno,Ruokakauppa,,-33.9,menot,ruoka,ruoka,22,penno.xlsx,Actual,1.0,-33.9,mkk,False,795cabcb61124c108fedec76a1dd111f14568a6b76cf4de072df39fe1d95d025
66e684e9bc606b2b6bd9f116ec547b9281efdcaf9137e6eccb114f6c91eab9d0,2023-03-28,penno,Ruokakauppa,,-2.74,menot,ruoka,ruoka,22,penno.xlsx,Actual,1.0,-2.74,mkk,False,66e684e9bc606b2b6bd9f116ec547b9281efdcaf9137e6eccb114f6c91eab9d0
8292b77dd246f5de2d7a7ffea3949669339fd1d0553eae0561fc946ebb03a776,2024-01-24,nordea,S-MARKET,XXXXX,-22.04,menot,ruoka,ruoka,23,nordea.csv,Actual,1.0,-22.04,mkk,False,8292b77dd246f5de2d7a7ffea3949669339fd1d0553eae0561fc946ebb03a776
122f0419543e9e8b5aa2fafc9a74344dbafd4585a75f4251d541973ce8f00a5b,2023-04-30,varat,S-Pankin saldo,,2851.0,varat,käteinen,s-pankki,6,varat.csv,Actual,1.0,2851.0,mkk,False,122f0419543e9e8b5aa2fafc9a74344dbafd4585a75f4251d541973ce8f00a5b
e1b60fcdc29a9441cf64f19d325928e59dca2ac2385edd77e932481236e41148,2023-05-31,varat,S-Pankin saldo,,201.0,varat,käteinen,s-pankki,6,varat.csv,Actual,1.0,201.0,mkk,False,e1b60fcdc29a9441cf64f19d325928e59dca2ac2385edd77e932481236e41148
e1d9a12def2f252983d120827becc16e0e100d0a4c36f51e237baa2af734311a,2024-02-28,varat,S-Pankin saldo,,2225.0,varat,käteinen,s-pankki,6,varat.csv,Actual,1.0,2225.0,mkk,False,e1d9a12def2f252983d120827becc16e0e100d0a4c36f51e237baa2af734311a
97d98c322f39b6debc497e97d3aff7a70e762c63b9ef8a7843195da11233756c,2023-06-30,varat,S-Pankin saldo,,447.0,varat,käteinen,s-pankki,6,varat.csv,Actual,1.0,447.0,mkk,False,97d98c322f39b6debc497e97d3aff7a70e762c63b9ef8a7843195da11233756c
488e3efb1ad80b3fafeeb84d03a0c3b39da1c558040b89fa1e303eca8c5454cf,2023-03-31,varat,S-Pankin saldo,,3925.0,varat,käteinen,s-pankki,6,varat.csv,Actual,1.0,3925.0,mkk,False,488e3efb1ad80b3fafeeb84d03a0c3b39da1c558040b89fa1e303eca8c5454cf
760c2bf992b4db361462401f1d2e6abbf4c29efe00b816ec4ce27ec8e7309afa,2023-02-28,varat,S-Pankin saldo,,497.0,varat,käteinen,s-pankki,6,varat.csv,Actual,1.0,497.0,mkk,False,760c2bf992b4db361462401f1d2e6abbf4c29efe00b816ec4ce27ec8e7309afa
5f47877396b0a94a3a1f67bb3b848e64a6cacf25e49417d94c5825f79b3e5d50,2024-01-31,varat,S-Pankin saldo,,2000.0,varat,käteinen,s-pankki,6,varat.csv,Actual,1.0,2000.0,mkk,False,5f47877396b0a94a3a1f67bb3b848e64a6cacf25e49417d94c5825f79b3e5d50
55fbcb87b47056783d62f59d45ef621d439dd2f159be033da364b3154604f799,2023-07-31,varat,S-Pankin saldo,,6680.0,varat,käteinen,s-pankki,6,varat.csv,Actual,1.0,6680.0,mkk,False,55fbcb87b47056783d62f59d45ef621d439dd2f159be033da364b3154604f799
a9edbaba62c0faa4a0a1c2bdcdea7a0481fd4cc6aac6d658f91ba478aa541b65,2023-09-30,varat,S-Pankin saldo,,9611.0,varat,käteinen,s-pankki,6,varat.csv,Actual,1.0,9611.0,mkk,False,a9edbaba62c0faa4a0a1c2bdcdea7a0481fd4cc6aac6d658f91ba478aa541b65
42c3c08cfa8254435cf295821c0309d199fdd6bbc15c06e3386023d3e8a0459a,2023-12-31,varat,S-Pankin saldo,,3011.0,varat,käteinen,s-pankki,6,varat.csv,Actual,1.0,3011.0,mkk,False,42c3c08cfa8254435cf295821c0309d199fdd6bbc15c06e3386023d3e8a0459a
5788885d98d43ab7417a0b6b48f907372720ddac226d3a057d6b222859c509e4,2023-08-31,varat,S-Pankin saldo,,6533.0,varat,käteinen,s-pankki,6,varat.csv,Actual,1.0,6533.0,mkk,False,5788885d98d43ab7417a0b6b48f907372720ddac226d3a057d6b222859c509e4
89e50df79bcb73d2f10b9aee221b7da46e825f223cd13bfe4446a45a0184c696,2023-11-30,varat,S-Pankin saldo,,1705.0,varat,käteinen,s-pankki,6,varat.csv,Actual,1.0,1705.0,mkk,False,89e50df79bcb73d2f10b9aee221b7da46e825f223cd13bfe4446a45a0184c696
d5e446d23533ed58c9a9c97005d282c9fca437fec2d0004d9742fc700354cb08,2023-10-31,varat,S-Pankin saldo,,3103.0,varat,käteinen,s-pankki,6,varat.csv,Actual,1.0,3103.0,mkk,False,d5e446d23533ed58c9a9c97005d282c9fca437fec2d0004d9742fc700354cb08
fd5819d24579513e379f49c4b4699f4ea8dec657f651b76a57988057a1095b25,2023-01-31,varat,S-Pankin saldo,,7460.0,varat,käteinen,s-pankki,6,varat.csv,Actual,1.0,7460.0,mkk,False,fd5819d24579513e379f49c4b4699f4ea8dec657f651b76a57988057a1095b25
0376432788a19285001e1f37fdf63549bd25cec995d78fae379ecda53b8b4acc,2023-07-05,luottokortti,Spotify,DIGITAL GOODS – LARGE DIGITAL GOODS MERCHANT,-12.99,menot,media,musiikki,8,luottokortti.xlsx,Actual,1.0,-12.99,mkk,False,0376432788a19285001e1f37fdf63549bd25cec995d78fae379ecda53b8b4acc
94b7e0497c886e878333a451803c1ec88b0142dbc2310b0c82a70106463a4064,2023-05-06,luottokortti,Spotify,DIGITAL GOODS – LARGE DIGITAL GOODS MERCHANT,-12.99,menot,media,musiikki,8,luottokortti.xlsx,Actual,1.0,-12.99,mkk,False,94b7e0497c886e878333a451803c1ec88b0142dbc2310b0c82a70106463a4064
25165ba9a21def55af406634241f104a9fef9a415f468436d8854770f3e3c30b,2023-11-02,luottokortti,Spotify,DIGITAL GOODS – LARGE DIGITAL GOODS MERCHANT,-12.99,menot,media,musiikki,8,luottokortti.xlsx,Actual,1.0,-12.99,mkk,False,25165ba9a21def55af406634241f104a9fef9a415f468436d8854770f3e3c30b
a2a720da08e019645ba16822437d169665faaf7ea2c21c6fb8ba0bd7a60316e5,2023-04-06,luottokortti,Spotify,DIGITAL GOODS – LARGE DIGITAL GOODS MERCHANT,-12.99,menot,media,musiikki,8,luottokortti.xlsx,Actual,1.0,-12.99,mkk,False,a2a720da08e019645ba16822437d169665faaf7ea2c21c6fb8ba0bd7a60316e5
dcf9f8929c6dd83478b21179ad402dcaaae7ac49034614b01783d01a3b111331,2023-10-03,luottokortti,Spotify,DIGITAL GOODS – LARGE DIGITAL GOODS MERCHANT,-12.99,menot,media,musiikki,8,luottokortti.xlsx,Actual,1.0,-12.99,mkk,False,dcf9f8929c6dd83478b21179ad402dcaaae7ac49034614b01783d01a3b111331
615274335a76ce21c4873c07bb8af88848a8383e1b2242d72ea135598066c1f1,2023-01-06,luottokortti,Spotify,DIGITAL GOODS – LARGE DIGITAL GOODS MERCHANT,-12.99,menot,media,musiikki,8,luottokortti.xlsx,Actual,1.0,-12.99,mkk,False,615274335a76ce21c4873c07bb8af88848a8383e1b2242d72ea135598066c1f1
34f7415327bd99675055ad67268253ed4c26a2995a0a9b990c38309d1956b7a2,2023-03-07,luottokortti,Spotify,DIGITAL GOODS – LARGE DIGITAL GOODS MERCHANT,-12.99,menot,media,musiikki,8,luottokortti.xlsx,Actual,1.0,-12.99,mkk,False,34f7415327bd99675055ad67268253ed4c26a2995a0a9b990c38309d1956b7a2
dc2de59955ece2f3786709f02a81f9fe013862d225642521737958170c4b4662,2023-09-03,luottokortti,Spotify,DIGITAL GOODS – LARGE DIGITAL GOODS MERCHANT,-12.99,menot,media,musiikki,8,luottokortti.xlsx,Actual,1.0,-12.99,mkk,False,dc2de59955ece2f3786709f02a81f9fe013862d225642521737958170c4b4662
f3feb5cc11014ba93c852967557e820294b79a46b6f034b2a844c2a5a843c2b5,2023-06-05,luottokortti,Spotify,DIGITAL GOODS – LARGE DIGITAL GOODS MERCHANT,-12.99,menot,media,musiikki,8,luottokortti.xlsx,Actual,1.0,-12.99,mkk,False,f3feb5cc11014ba93c852967557e820294b79a46b6f034b2a844c2a5a843c2b5
ea52539c804ac2d89e14a908c0a2c81358e6a29b26fa10b68480336620aab0df,2023-02-05,luottokortti,Spotify,DIGITAL GOODS – LARGE DIGITAL GOODS MERCHANT,-12.99,menot,media,musiikki,8,luottokortti.xlsx,Actual,1.0,-12.99,mkk,False,ea52539c804ac2d89e14a908c0a2c81358e6a29b26fa10b68480336620aab0df
59fab7ebf093c91d8755956e17b8466a06268d099691e668dccf2099cfe0d6b1,2023-08-04,luottokortti,Spotify,DIGITAL GOODS – LARGE DIGITAL GOODS MERCHANT,-12.99,menot,media,musiikki,8,luottokortti.xlsx,Actual,1.0,-12.99,mkk,False,59fab7ebf093c91d8755956e17b8466a06268d099691e668dccf2099cfe0d6b1
fb730f41fd427624400b1a9b5007f010d2867ce2429fb261c4d6aec7e5ee619e,2023-12-02,luottokortti,Spotify,DIGITAL GOODS – LARGE DIGITAL GOODS MERCHANT,-12.99,menot,media,musiikki,8,luottokortti.xlsx,Actual,1.0,-12.99,mkk,False,fb730f41fd427624400b1a9b5007f010d2867ce2429fb261c4d6aec7e5ee619e
c5c14d992aaf244312c8bf36745fb1247993e9af7158c7b71b0ec49bcb24c534,2023-03-15,penno,Viihde,SkyShowtime ,-3.49,menot,viihde,,25,penno.xlsx,Actual,1.0,-3.49,mkk,False,c5c14d992aaf244312c8bf36745fb1247993e9af7158c7b71b0ec49bcb24c534
7881d75942a4e2a2fdf8cc85401b4708c0c416b2e19972e3fbfd4c3da9dcdecd,2023-03-01,penno,Viihde,Netflix ,-15.99,menot,viihde,,25,penno.xlsx,Actual,1.0,-15.99,mkk,False,7881d75942a4e2a2fdf8cc85401b4708c0c416b2e19972e3fbfd4c3da9dcdecd
e31dd54dcde386195bd9832bf4373ad83dae839bae9bad0aa7f50b7bf7106b51,2023-07-31,tulot,ansiotulot,,3000.0,tulot,ansiotulot,päivityö,12,tulot.csv,Actual,1.0,3000.0,mkk,False,e31dd54dcde386195bd9832bf4373ad83dae839bae9bad0aa7f50b7bf7106b51
3a40150d6dd914fcb8704aec0c893148f625d156e2cbec829022423086cf93b4,2023-01-31,tulot,ansiotulot,,3000.0,tulot,ansiotulot,päivityö,12,tulot.csv,Actual,1.0,3000.0,mkk,False,3a40150d6dd914fcb8704aec0c893148f625d156e2cbec829022423086cf93b4
34b0dcb43a37d748293a8c0232244d9b2bab2db2eef28922efd9d23450271f07,2024-01-31,tulot,ansiotulot,,3500.0,tulot,ansiotulot,päivityö,12,tulot.csv,Actual,1.0,3500.0,mkk,False,34b0dcb43a37d748293a8c0232244d9b2bab2db2eef28922efd9d23450271f07
7f4c16086b89cf9dd049bf8ac20d07f2101089adf90a7b64bdcd770d48bfdfdf,2023-02-28,tulot,ansiotulot,,3000.0,tulot,ansiotulot,päivityö,12,tulot.csv,Actual,1.0,3000.0,mkk,False,7f4c16086b89cf9dd049bf8ac20d07f2101089adf90a7b64bdcd770d48bfdfdf
a4b84b6608cd489607ec699f2d76ac38d81c999b3dc51b2c81d8e4add7393781,2024-02-28,tulot,ansiotulot,,3500.0,tulot,ansiotulot,päivityö,12,tulot.csv,Actual,1.0,3500.0,mkk,False,a4b84b6608cd489607ec699f2d76ac38d81c999b3dc51b2c81d8e4add7393781
361dc3c7920f3522738e8ccdfad282e964bc7f00f48bc42a5fd6b04d695a4bd2,2023-04-30,tulot,ansiotulot,,3000.0,tulot,ansiotulot,päivityö,12,tulot.csv,Actual,1.0,3000.0,mkk,False,361dc3c7920f3522738e8ccdfad282e964bc7f00f48bc42a5fd6b04d695a4bd2
5bf07f13ee26336846e7af77f8152542f67da00b10544f600fad40f928601a1f,2023-05-31,tulot,ansiotulot,,3000.0,tulot,ansiotulot,päivityö,12,tulot.csv,Actual,1.0,3000.0,mkk,False,5bf07f13ee26336846e7af77f8152542f67da00b10544f600fad40f928601a1f
ce80590cc285b5bb2510df9080a6e376394288002be9b82675cc3210736903cb,2023-06-30,tulot,ansiotulot,,3000.0,tulot,ansiotulot,päivityö,12,tulot.csv,Actual,1.0,3000.0,mkk,False,ce80590cc285b5bb2510df9080a6e376394288002be9b82675cc3210736903cb
9bdcd381633be44ec22b6dab6e812bc7aa44965d1a3dcf1dc1fb6e739a1d6d52,2023-03-31,tulot,ansiotulot,,3000.0,tulot,ansiotulot,päivityö,12,tulot.csv,Actual,1.0,3000.0,mkk,False,9bdcd381633be44ec22b6dab6e812bc7aa44965d1a3dcf1dc1fb6e739a1d6d52
63163a17aac824cbf00f3e2df7325337449707c4041f75ebb8b5d4a04358912e,2023-08-31,tulot,ansiotulot,,3000.0,tulot,ansiotulot,päivityö,12,tulot.csv,Actual,1.0,3000.0,mkk,False,63163a17aac824cbf00f3e2df7325337449707c4041f75ebb8b5d4a04358912e
e4ff23135ae1f6b5a3225d5ab54a423762995c6fa959948d6662d5227ba1cdd3,2023-09-30,tulot,ansiotulot,,3000.0,tulot,ansiotulot,päivityö,12,tulot.csv,Actual,1.0,3000.0,mkk,False,e4ff23135ae1f6b5a3225d5ab54a423762995c6fa959948d6662d5227ba1cdd3
18e22d8844c1a2c3c86b7833e0231ea368e51d7f7e0f472f1b6852dfd538465a,2023-10-31,tulot,ansiotulot,,3000.0,tulot,ansiotulot,päivityö,12,tulot.csv,Actual,1.0,3000.0,mkk,False,18e22d8844c1a2c3c86b7833e0231ea368e51d7f7e0f472f1b6852dfd538465a
2a457c6a5a02455b1a48a164248de80d97522d618d600573fecf339e61ecdbe2,2023-11-30,tulot,ansiotulot,,3000.0,tulot,ansiotulot,päivityö,12,tulot.csv,Actual,1.0,3000.0,mkk,False,2a457c6a5a02455b1a48a164248de80d97522d618d600573fecf339e61ecdbe2
966a573b2ed1b0154ee0a77ed21c9ff929d819d4b3016d78dcf773be65c0f9fe,2023-12-31,tulot,ansiotulot,,3000.0,tulot,ansiotulot,päivityö,12,tulot.csv,Actual,1.0,3000.0,mkk,False,966a573b2ed1b0154ee0a77ed21c9ff929d819d4b3016d78dcf773be65c0f9fe
9b0aa6011a6112a1bdf85c342f374a2ed912882c1293c1f280a0ba69315b0e12,2023-05-31,velat,asuntolaina,,-88000.0,velat,asuntolaina,,2,velat.csv,Actual,1.0,-88000.0,mkk,False,9b0aa6011a6112a1bdf85c342f374a2ed912882c1293c1f280a0ba69315b0e12
b9c2adcdf0d8e77feff5ef9108345fe475c60b7a81617fff3715d544420ce20c,2023-07-31,velat,asuntolaina,,-87000.0,velat,asuntolaina,,2,velat.csv,Actual,1.0,-87000.0,mkk,False,b9c2adcdf0d8e77feff5ef9108345fe475c60b7a81617fff3715d544420ce20c
1bf2e4975fd4276517e1707def9b5a774a3f366a5f90626e088eae8b139975e4,2023-08-31,velat,asuntolaina,,-86500.0,velat,asuntolaina,,2,velat.csv,Actual,1.0,-86500.0,mkk,False,1bf2e4975fd4276517e1707def9b5a774a3f366a5f90626e088eae8b139975e4
c4f52753f1c46b9306aea06f69e2817cc885b95bdab676c39126be8363c0e96b,2023-09-30,velat,asuntolaina,,-86000.0,velat,asuntolaina,,2,velat.csv,Actual,1.0,-86000.0,mkk,False,c4f52753f1c46b9306aea06f69e2817cc885b95bdab676c39126be8363c0e96b
b85b17e6c490f0f9d49e24b4a149b5bf02a46e6bbf82c60658e600b2b50db07b,2023-10-31,velat,asuntolaina,,-85500.0,velat,asuntolaina,,2,velat.csv,Actual,1.0,-85500.0,mkk,False,b85b17e6c490f0f9d49e24b4a149b5bf02a46e6bbf82c60658e600b2b50db07b
10c6ec56020ca0ec6ab5b5c24d36d9135d9c23985294ec5c24ea1fb262a8ec37,2023-11-30,velat,asuntolaina,,-85000.0,velat,asuntolaina,,2,velat.csv,Actual,1.0,-85000.0,mkk,False,10c6ec56020ca0ec6ab5b5c24d36d9135d9c23985294ec5c24ea1fb262a8ec37
5af712f5454b96cf083296671a82d441d4b102d181543d6dae87cf3cb23be38b,2023-12-31,velat,asuntolaina,,-84500.0,velat,asuntolaina,,2,velat.csv,Actual,1.0,-84500.0,mkk,False,5af712f5454b96cf083296671a82d441d4b102d181543d6dae87cf3cb23be38b
7c3541d24f3bae27fb90d877bd1d87fe5d9b589ee18f60f257c3ceb9b98161db,2023-06-30,velat,asuntolaina,,-87500.0,velat,asuntolaina,,2,velat.csv,Actual,1.0,-87500.0,mkk,False,7c3541d24f3bae27fb90d877bd1d87fe5d9b589ee18f60f257c3ceb9b98161db
e9af65ccc79211dce38b1b462e19f901cb7faa2c6796e24719e85c671d6bb143,2023-04-30,velat,asuntolaina,,-88500.0,velat,asuntolaina,,2,velat.csv,Actual,1.0,-88500.0,mkk,False,e9af65ccc79211dce38b1b462e19f901cb7faa2c6796e24719e85c671d6bb143
013120c2925f085a250f70be5d4ee979b5294fbc380f59cbe24b7652bcec6684,2024-02-28,velat,asuntolaina,,-83500.0,velat,asuntolaina,,2,velat.csv,Actual,1.0,-83500.0,mkk,False,013120c2925f085a250f70be5d4ee979b5294fbc380f59cbe24b7652bcec6684
9b8bc151871af73d27375fe55efb95b739579310d115d335f2cda8fb812368c2,2023-02-28,velat,asuntolaina,,-89500.0,velat,asuntolaina,,2,velat.csv,Actual,1.0,-89500.0,mkk,False,9b8bc151871af73d27375fe55efb95b739579310d115d335f2cda8fb812368c2
43f6244f0adc498aafc5f9fce8b49f62f3e698c13f561bb05df8e65e55bafc5f,2023-01-31,velat,asuntolaina,,-90000.0,velat,asuntolaina,,2,velat.csv,Actual,1.0,-90000.0,mkk,False,43f6244f0adc498aafc5f9fce8b49f62f3e698c13f561bb05df8e65e55bafc5f
d80529dd7e187ecd0d49cd47048a7c58822a7ddd0029c17060cabaf03ad25d1b,2024-01-31,velat,asuntolaina,,-84000.0,velat,asuntolaina,,2,velat.csv,Actual,1.0,-84000.0,mkk,False,d80529dd7e187ecd0d49cd47048a7c58822a7ddd0029c17060cabaf03ad25d1b
8c7abd552997b6fb000c0770a4b8e499fe434424e9356f79e83992018ab74e6b,2023-03-31,velat,asuntolaina,,-89000.0,velat,asuntolaina,,2,velat.csv,Actual,1.0,-89000.0,mkk,False,8c7abd552997b6fb000c0770a4b8e499fe434424e9356f79e83992018ab74e6b
45bc57c93769ce626b7ffc77df1175e447f8051e7a0d8de5f97ee97a51d2b11b,2023-03-31,nordnet_salkkuraportti,iShares Core MSCI World UCITS ETF USD (Acc),Salkku 3,18456.37,varat,sijoitusvarallisuus,kasvusalkku,11,nordnet_salkkuraportti_preprocessed.csv,Actual,1.0,18456.37,mkk,False,45bc57c93769ce626b7ffc77df1175e447f8051e7a0d8de5f97ee97a51d2b11b
db04be4ff662eac6d2a12da34ada05998a1cc8549675c297012542084d5a1a93,2023-02-27,nordnet_salkkuraportti,iShares Core MSCI World UCITS ETF USD (Acc),Salkku 3,18489.97,varat,sijoitusvarallisuus,kasvusalkku,11,nordnet_salkkuraportti_preprocessed.csv,Actual,1.0,18489.97,mkk,False,db04be4ff662eac6d2a12da34ada05998a1cc8549675c297012542084d5a1a93
07a649ada3b066d9e5c2cf360aa3a3d14f500d394f9184b915e14f32267ea4ac,2023-04-30,nordnet_salkkuraportti,iShares Core MSCI World UCITS ETF USD (Acc),Salkku 3,18504.26,varat,sijoitusvarallisuus,kasvusalkku,11,nordnet_salkkuraportti_preprocessed.csv,Actual,1.0,18504.26,mkk,False,07a649ada3b066d9e5c2cf360aa3a3d14f500d394f9184b915e14f32267ea4ac
a0cf295ee11f51e81bbe3701bbc8e81c7d3857bf5a71c8e523225376077c345a,2023-01-31,nordnet_salkkuraportti,iShares Core MSCI World UCITS ETF USD (Acc),Salkku 3,18313.61,varat,sijoitusvarallisuus,kasvusalkku,11,nordnet_salkkuraportti_preprocessed.csv,Actual,1.0,18313.61,mkk,False,a0cf295ee11f51e81bbe3701bbc8e81c7d3857bf5a71c8e523225376077c345a
ec3d2c714822bfbf1a4f51ee3cd7a671d04687784d0629fecf9a806050347e90,2023-01-31,menot,käteisellä lapaset,,-500.0,menot,vaatteet,,13,menot.csv,Actual,1.0,-500.0,mkk,False,ec3d2c714822bfbf1a4f51ee3cd7a671d04687784d0629fecf9a806050347e90
8ac6c0a62fc1e9221c7d748a68e19964e44995a7749434eb29af1d90dd50ba48,2024-02-28,menot,maksoin yrityksen kuluja käteisellä,,-50.0,pois,yrityksen kulut,,17,menot.csv,Actual,1.0,-50.0,mkk,False,8ac6c0a62fc1e9221c7d748a68e19964e44995a7749434eb29af1d90dd50ba48
e6f8aa09c6026da2ffd8f895abaa72c617a3c00d39a9df0d241c519094004c3f,2023-02-28,menot,muuta,,-201.0,menot,muut,,24,menot.csv,Actual,1.0,-201.0,mkk,False,e6f8aa09c6026da2ffd8f895abaa72c617a3c00d39a9df0d241c519094004c3f
