transaction_id,date,account,description,info,amount_orig,class,category,sub_category,rule_id,source_file,share,amount,owner,split,transaction_row_id
48a1fcb0de678e24b3dca82e6cf9295428a41e96819a068f6b2a8d427f850033,2024-02-28,nordnet_salkkuraportti,Arbor Realty Trust,Salkku 1,8239.58,varat,sijoitusvarallisuus,osinkosalkku,10,nordnet_salkkuraportti_preprocessed.csv,1.0,8239.58,mkk,False,48a1fcb0de678e24b3dca82e6cf9295428a41e96819a068f6b2a8d427f850033
2218ced2c82aad5ebd1459380108bd69ffc7b1540bc30f3b8c190239bf16cabe,2023-12-31,nordnet_salkkuraportti,Arbor Realty Trust,Salkku 1,8249.99,varat,sijoitusvarallisuus,osinkosalkku,10,nordnet_salkkuraportti_preprocessed.csv,1.0,8249.99,mkk,False,2218ced2c82aad5ebd1459380108bd69ffc7b1540bc30f3b8c190239bf16cabe
ae87cc0d7ffe9165f51db4e0fc095b7be386013e604df5e77447a8e2f0d1c249,2023-06-30,nordnet_salkkuraportti,Arbor Realty Trust,Salkku 1,8147.25,varat,sijoitusvarallisuus,osinkosalkku,10,nordnet_salkkuraportti_preprocessed.csv,1.0,8147.25,mkk,False,ae87cc0d7ffe9165f51db4e0fc095b7be386013e604df5e77447a8e2f0d1c249
96108ab1905f2b93cba3ebdfc4de96874496a8b4b97f7b33b420fdfa58168d42,2023-10-31,nordnet_salkkuraportti,Arbor Realty Trust,Salkku 1,7155.15,varat,sijoitusvarallisuus,osinkosalkku,10,nordnet_salkkuraportti_preprocessed.csv,1.0,7155.15,mkk,False,96108ab1905f2b93cba3ebdfc4de96874496a8b4b97f7b33b420fdfa58168d42
68c1ccbf1e9bd25fcdd857fdfe1263a13762dd3b08471e55401919a88d78523a,2023-02-27,nordnet_salkkuraportti,Arbor Realty Trust,Salkku 1,8552.46,varat,sijoitusvarallisuus,osinkosalkku,10,nordnet_salkkuraportti_preprocessed.csv,1.0,8552.46,mkk,False,68c1ccbf1e9bd25fcdd857fdfe1263a13762dd3b08471e55401919a88d78523a
9726ae40936737a1c85990ab911a9ff7686a115ace415fd50181450efc894f04,2023-07-31,nordnet_salkkuraportti,Arbor Realty Trust,Salkku 1,9227.57,varat,sijoitusvarallisuus,osinkosalkku,10,nordnet_salkkuraportti_preprocessed.csv,1.0,9227.57,mkk,False,9726ae40936737a1c85990ab911a9ff7686a115ace415fd50181450efc894f04
0bd2c46c0f875bab208badad13d9375f1f43a67d1827ffc8c23ab6b01ede0080,2023-09-30,nordnet_salkkuraportti,Arbor Realty Trust,Salkku 1,8614.75,varat,sijoitusvarallisuus,osinkosalkku,10,nordnet_salkkuraportti_preprocessed.csv,1.0,8614.75,mkk,False,0bd2c46c0f875bab208badad13d9375f1f43a67d1827ffc8c23ab6b01ede0080
7971a928a53eceba4816e2345ea103c82bb5edd3ac31e0d71bc887ded0a29f52,2023-08-31,nordnet_salkkuraportti,Arbor Realty Trust,Salkku 1,8830.95,varat,sijoitusvarallisuus,osinkosalkku,10,nordnet_salkkuraportti_preprocessed.csv,1.0,8830.95,mkk,False,7971a928a53eceba4816e2345ea103c82bb5edd3ac31e0d71bc887ded0a29f52
e14de5e19d6b51e3da13e03ef51c45ac1b907f928d49a5f1b05d1ef61985132d,2023-01-31,nordnet_salkkuraportti,Arbor Realty Trust,Salkku 1,8239.58,varat,sijoitusvarallisuus,osinkosalkku,10,nordnet_salkkuraportti_preprocessed.csv,1.0,8239.58,mkk,False,e14de5e19d6b51e3da13e03ef51c45ac1b907f928d49a5f1b05d1ef61985132d
1f0442f1d4379a27f32506715fa062d4e37c09cf7cb9e73b5d7922c245ce6f8f,2023-05-31,nordnet_salkkuraportti,Arbor Realty Trust,Salkku 1,7080.47,varat,sijoitusvarallisuus,osinkosalkku,10,nordnet_salkkuraportti_preprocessed.csv,1.0,7080.47,mkk,False,1f0442f1d4379a27f32506715fa062d4e37c09cf7cb9e73b5d7922c245ce6f8f
57229cbdff699b3a6d9eacdd1a2528884a86f0065d4411a0ad25d12723ff3f86,2024-01-31,nordnet_salkkuraportti,Arbor Realty Trust,Salkku 1,8239.58,varat,sijoitusvarallisuus,osinkosalkku,10,nordnet_salkkuraportti_preprocessed.csv,1.0,8239.58,mkk,False,57229cbdff699b3a6d9eacdd1a2528884a86f0065d4411a0ad25d12723ff3f86
eaa6561d132e2977dbd0a3140742576e0cb5a6a4c9bde163a897bee48e390dbc,2023-03-31,nordnet_salkkuraportti,Arbor Realty Trust,Salkku 1,6355.66,varat,sijoitusvarallisuus,osinkosalkku,10,nordnet_salkkuraportti_preprocessed.csv,1.0,6355.66,mkk,False,eaa6561d132e2977dbd0a3140742576e0cb5a6a4c9bde163a897bee48e390dbc
d5109271f44f6bf2cb65c92826946f788033682b08d74974df0f0276167a3bee,2023-04-30,nordnet_salkkuraportti,Arbor Realty Trust,Salkku 1,6245.23,varat,sijoitusvarallisuus,osinkosalkku,10,nordnet_salkkuraportti_preprocessed.csv,1.0,6245.23,mkk,False,d5109271f44f6bf2cb65c92826946f788033682b08d74974df0f0276167a3bee
26ceb033112c7df212274b0201beed75adf6f34373d49d41e6bb7e65ac46e285,2023-11-30,nordnet_salkkuraportti,Arbor Realty Trust,Salkku 1,6879.18,varat,sijoitusvarallisuus,osinkosalkku,10,nordnet_salkkuraportti_preprocessed.csv,1.0,6879.18,mkk,False,26ceb033112c7df212274b0201beed75adf6f34373d49d41e6bb7e65ac46e285
d2f92b9f96d0f49d59d5d6201d004d3933036905d0ea8835dbdeed30ff6a8603,2023-03-01,penno,Asuminen,Korko,-73.77,menot,asuminen,,18,penno.xlsx,1.0,-73.77,mkk,False,d2f92b9f96d0f49d59d5d6201d004d3933036905d0ea8835dbdeed30ff6a8603
c96319104643ab966da48b86c188449d9e7f419aa274bc2c866c98144e5837d9,2023-03-01,penno,Asuminen,Vastike,-165.9,menot,asuminen,,18,penno.xlsx,1.0,-165.9,mkk,False,c96319104643ab966da48b86c188449d9e7f419aa274bc2c866c98144e5837d9
1cdbe119b3ab9ebcc6427b0e02e56300229b8536833f7c6aa8a13a90cb7627ab,2023-03-03,penno,Asuminen,Sähkö,-16.9,menot,asuminen,,18,penno.xlsx,1.0,-16.9,mkk,False,1cdbe119b3ab9ebcc6427b0e02e56300229b8536833f7c6aa8a13a90cb7627ab
9c7fe04337a383f22acd2c1426ab4e030a03d7a76f3cff9ea2e5c770b7239afe,2023-01-31,varat,Asunto,,100000.0,varat,asunto,,1,varat.csv,1.0,100000.0,mkk,False,9c7fe04337a383f22acd2c1426ab4e030a03d7a76f3cff9ea2e5c770b7239afe
26d29db77b72ccf2d0eb0dd5b8c3384bf3ec6b173ca5819aca08361983234031,2023-12-31,varat,Asunto,,100000.0,varat,asunto,,1,varat.csv,1.0,100000.0,mkk,False,26d29db77b72ccf2d0eb0dd5b8c3384bf3ec6b173ca5819aca08361983234031
4fcb2537445a1468193aecc5746f8e60b9808ad7f9c4a82e6485090e01908624,2023-11-30,varat,Asunto,,100000.0,varat,asunto,,1,varat.csv,1.0,100000.0,mkk,False,4fcb2537445a1468193aecc5746f8e60b9808ad7f9c4a82e6485090e01908624
44f909236771e4b0dfaceeeaf8e312e374d380bb3827dba298fa01198ca95c78,2023-10-31,varat,Asunto,,100000.0,varat,asunto,,1,varat.csv,1.0,100000.0,mkk,False,44f909236771e4b0dfaceeeaf8e312e374d380bb3827dba298fa01198ca95c78
923ac1325da12d28ac173af640ea3561aff539a515b23d0f111e474ab6b28585,2023-09-30,varat,Asunto,,100000.0,varat,asunto,,1,varat.csv,1.0,100000.0,mkk,False,923ac1325da12d28ac173af640ea3561aff539a515b23d0f111e474ab6b28585
352d57d5f03e9e10d8bca7b9730c2dcaa79d3a6d825f87a6642f0ae49814a70e,2023-02-28,varat,Asunto,,100000.0,varat,asunto,,1,varat.csv,1.0,100000.0,mkk,False,352d57d5f03e9e10d8bca7b9730c2dcaa79d3a6d825f87a6642f0ae49814a70e
ec087aae975084d5bc1195ce4650004c46c73512562a4c0003d38776b48effca,2023-08-31,varat,Asunto,,100000.0,varat,asunto,,1,varat.csv,1.0,100000.0,mkk,False,ec087aae975084d5bc1195ce4650004c46c73512562a4c0003d38776b48effca
586397a1b063736e6d9b97ce5a34c6db953780250abf1f9d5d97d4fa8b4caf7f,2024-01-31,varat,Asunto,,100000.0,varat,asunto,,1,varat.csv,1.0,100000.0,mkk,False,586397a1b063736e6d9b97ce5a34c6db953780250abf1f9d5d97d4fa8b4caf7f
85aba269e6bba1d8f47f8ee83bbd72710f95a4de90750e12f20d9aae48296cd7,2024-02-28,varat,Asunto,,100000.0,varat,asunto,,1,varat.csv,1.0,100000.0,mkk,False,85aba269e6bba1d8f47f8ee83bbd72710f95a4de90750e12f20d9aae48296cd7
a4d1997964e5580baced7085f566f9221f7ad8a9c6909785b1e07ea7fba8853e,2023-06-30,varat,Asunto,,100000.0,varat,asunto,,1,varat.csv,1.0,100000.0,mkk,False,a4d1997964e5580baced7085f566f9221f7ad8a9c6909785b1e07ea7fba8853e
e8ebbce8f8da75560327c56cd24ab2b39054d9b3ee5afb7f6947daf90d31cbe2,2023-05-31,varat,Asunto,,100000.0,varat,asunto,,1,varat.csv,1.0,100000.0,mkk,False,e8ebbce8f8da75560327c56cd24ab2b39054d9b3ee5afb7f6947daf90d31cbe2
7ebf2423269fd3603354f96e6fd996d1a55bccd5a0dcd0a609021c7554654015,2023-04-30,varat,Asunto,,100000.0,varat,asunto,,1,varat.csv,1.0,100000.0,mkk,False,7ebf2423269fd3603354f96e6fd996d1a55bccd5a0dcd0a609021c7554654015
6a0583f31371ca5e16467c4c23438c975d0bbf229fe069ccf13ace036c0dfec4,2023-03-31,varat,Asunto,,100000.0,varat,asunto,,1,varat.csv,1.0,100000.0,mkk,False,6a0583f31371ca5e16467c4c23438c975d0bbf229fe069ccf13ace036c0dfec4
50c346f646b9b471bbafefd818a247745404e11cfddcd1d50728c1995a714c1f,2023-07-31,varat,Asunto,,100000.0,varat,asunto,,1,varat.csv,1.0,100000.0,mkk,False,50c346f646b9b471bbafefd818a247745404e11cfddcd1d50728c1995a714c1f
a9c035a29073a00b326cb2f690de8f57c864971f03a773cf58c9609afcc8dbf3,2023-04-30,nordnet_salkkuraportti,Bank Of Nova Scotia,Salkku 1,15858.1,varat,sijoitusvarallisuus,osinkosalkku,10,nordnet_salkkuraportti_preprocessed.csv,1.0,15858.1,mkk,False,a9c035a29073a00b326cb2f690de8f57c864971f03a773cf58c9609afcc8dbf3
428c5d412ac8ff5d478934b71cfde58a5ea8dfe035be973a3575c0c9f0831c8f,2023-09-30,nordnet_salkkuraportti,Bank Of Nova Scotia,Salkku 1,28192.33,varat,sijoitusvarallisuus,osinkosalkku,10,nordnet_salkkuraportti_preprocessed.csv,1.0,28192.33,mkk,False,428c5d412ac8ff5d478934b71cfde58a5ea8dfe035be973a3575c0c9f0831c8f
61f20682d1bc6a6fe8f7459aef84283575c93e392c7263be461cc8e5f94df96b,2023-06-30,nordnet_salkkuraportti,Bank Of Nova Scotia,Salkku 1,16046.62,varat,sijoitusvarallisuus,osinkosalkku,10,nordnet_salkkuraportti_preprocessed.csv,1.0,16046.62,mkk,False,61f20682d1bc6a6fe8f7459aef84283575c93e392c7263be461cc8e5f94df96b
a79c8aaa4ea75b0b1cbd85b68e95b76c5737b12ec6c05732b822e14f7c1dfbe1,2023-01-31,nordnet_salkkuraportti,Bank Of Nova Scotia,Salkku 1,17428.91,varat,sijoitusvarallisuus,osinkosalkku,10,nordnet_salkkuraportti_preprocessed.csv,1.0,17428.91,mkk,False,a79c8aaa4ea75b0b1cbd85b68e95b76c5737b12ec6c05732b822e14f7c1dfbe1
63347e98477666c5b6e61d6e6063ca93bcb9ca066ac4933a003a864bc2bef732,2023-05-31,nordnet_salkkuraportti,Bank Of Nova Scotia,Salkku 1,15819.42,varat,sijoitusvarallisuus,osinkosalkku,10,nordnet_salkkuraportti_preprocessed.csv,1.0,15819.42,mkk,False,63347e98477666c5b6e61d6e6063ca93bcb9ca066ac4933a003a864bc2bef732
f9b00052f4a11713494783dfa3306948ddee72598c72aacd010cd4c25d3b1225,2024-01-31,nordnet_salkkuraportti,Bank Of Nova Scotia,Salkku 1,17428.91,varat,sijoitusvarallisuus,osinkosalkku,10,nordnet_salkkuraportti_preprocessed.csv,1.0,17428.91,mkk,False,f9b00052f4a11713494783dfa3306948ddee72598c72aacd010cd4c25d3b1225
3c7b4c41ebe1c047c20344387c7021f59f6e904303b84a44a0fb81b455f948ac,2023-02-27,nordnet_salkkuraportti,Bank Of Nova Scotia,Salkku 1,17372.94,varat,sijoitusvarallisuus,osinkosalkku,10,nordnet_salkkuraportti_preprocessed.csv,1.0,17372.94,mkk,False,3c7b4c41ebe1c047c20344387c7021f59f6e904303b84a44a0fb81b455f948ac
08864855993c1883c008d836f2622797a227d57454b76f5bc2bb782d7ea349d1,2023-10-31,nordnet_salkkuraportti,Bank Of Nova Scotia,Salkku 1,25456.68,varat,sijoitusvarallisuus,osinkosalkku,10,nordnet_salkkuraportti_preprocessed.csv,1.0,25456.68,mkk,False,08864855993c1883c008d836f2622797a227d57454b76f5bc2bb782d7ea349d1
87901d26923737c3ad4bf568b71d035e96fdd84fe8a2042c8efbbc276b9899d3,2024-02-28,nordnet_salkkuraportti,Bank Of Nova Scotia,Salkku 1,17428.91,varat,sijoitusvarallisuus,osinkosalkku,10,nordnet_salkkuraportti_preprocessed.csv,1.0,17428.91,mkk,False,87901d26923737c3ad4bf568b71d035e96fdd84fe8a2042c8efbbc276b9899d3
4bc9dc5e5bf269cb20e87085c9d862ba33c8fd30f9186a0a12702ef1cc7e45cd,2023-03-31,nordnet_salkkuraportti,Bank Of Nova Scotia,Salkku 1,16251.22,varat,sijoitusvarallisuus,osinkosalkku,10,nordnet_salkkuraportti_preprocessed.csv,1.0,16251.22,mkk,False,4bc9dc5e5bf269cb20e87085c9d862ba33c8fd30f9186a0a12702ef1cc7e45cd
f27309908d1a35d554d8a4f8909bd09a76874d1d994f55608a8a92e42274693d,2023-12-31,nordnet_salkkuraportti,Bank Of Nova Scotia,Salkku 1,29314.14,varat,sijoitusvarallisuus,osinkosalkku,10,nordnet_salkkuraportti_preprocessed.csv,1.0,29314.14,mkk,False,f27309908d1a35d554d8a4f8909bd09a76874d1d994f55608a8a92e42274693d
91e326f5105f45f97abaa37cd8f920f5a00731952da2cecb0edbe1ad6ee9ea0f,2023-07-31,nordnet_salkkuraportti,Bank Of Nova Scotia,Salkku 1,30456.51,varat,sijoitusvarallisuus,osinkosalkku,10,nordnet_salkkuraportti_preprocessed.csv,1.0,30456.51,mkk,False,91e326f5105f45f97abaa37cd8f920f5a00731952da2cecb0edbe1ad6ee9ea0f
ac53be9cacd4031664fb6a5dcf1e946c42adc16e69c16bc92fbe10371be0c538,2023-11-30,nordnet_salkkuraportti,Bank Of Nova Scotia,Salkku 1,27330.59,varat,sijoitusvarallisuus,osinkosalkku,10,nordnet_salkkuraportti_preprocessed.csv,1.0,27330.59,mkk,False,ac53be9cacd4031664fb6a5dcf1e946c42adc16e69c16bc92fbe10371be0c538
a5a65aede559bcdd5294877af7fd76135a175622d6d309fa5678eaad9b0b1a86,2023-08-31,nordnet_salkkuraportti,Bank Of Nova Scotia,Salkku 1,29098.41,varat,sijoitusvarallisuus,osinkosalkku,10,nordnet_salkkuraportti_preprocessed.csv,1.0,29098.41,mkk,False,a5a65aede559bcdd5294877af7fd76135a175622d6d309fa5678eaad9b0b1a86
1386105aa289ed8c69b8741549fdbc79a1f5ac5cf99fa71923af3fb58b13950b,2024-01-31,nordnet_salkkuraportti,CubeSmart,Salkku 1,6738.83,varat,sijoitusvarallisuus,osinkosalkku,10,nordnet_salkkuraportti_preprocessed.csv,1.0,6738.83,mkk,False,1386105aa289ed8c69b8741549fdbc79a1f5ac5cf99fa71923af3fb58b13950b
b2bd99ab461dfbbfd3cb7889a727f61a9ca1d872fed1f45eabd7b90805860ae6,2023-12-31,nordnet_salkkuraportti,CubeSmart,Salkku 1,13014.93,varat,sijoitusvarallisuus,osinkosalkku,10,nordnet_salkkuraportti_preprocessed.csv,1.0,13014.93,mkk,False,b2bd99ab461dfbbfd3cb7889a727f61a9ca1d872fed1f45eabd7b90805860ae6
d23bbbcf338ed54239bc72294b2b99404fa1a693f02205bc78bf937ce9a20e47,2023-10-31,nordnet_salkkuraportti,CubeSmart,Salkku 1,5158.22,varat,sijoitusvarallisuus,osinkosalkku,10,nordnet_salkkuraportti_preprocessed.csv,1.0,5158.22,mkk,False,d23bbbcf338ed54239bc72294b2b99404fa1a693f02205bc78bf937ce9a20e47
10a268138576351fe9ff6c0306f534918cd41505a88f9da17bc25b8ebf6e6a2f,2023-01-31,nordnet_salkkuraportti,CubeSmart,Salkku 1,6738.83,varat,sijoitusvarallisuus,osinkosalkku,10,nordnet_salkkuraportti_preprocessed.csv,1.0,6738.83,mkk,False,10a268138576351fe9ff6c0306f534918cd41505a88f9da17bc25b8ebf6e6a2f
58fa05d903abc5e7b31382d328bb992adde24353a9561f3c5305926c5ad3cda1,2023-08-31,nordnet_salkkuraportti,CubeSmart,Salkku 1,6154.36,varat,sijoitusvarallisuus,osinkosalkku,10,nordnet_salkkuraportti_preprocessed.csv,1.0,6154.36,mkk,False,58fa05d903abc5e7b31382d328bb992adde24353a9561f3c5305926c5ad3cda1
37dea74d8c931cd0c00961f114d7a2022e79ac35378a4d8e2d9baa77db5cf007,2023-11-30,nordnet_salkkuraportti,CubeSmart,Salkku 1,11323.45,varat,sijoitusvarallisuus,osinkosalkku,10,nordnet_salkkuraportti_preprocessed.csv,1.0,11323.45,mkk,False,37dea74d8c931cd0c00961f114d7a2022e79ac35378a4d8e2d9baa77db5cf007
7b528144ee537bb987b010cc59ba6ad083ee8b5572037c8d2a02dacc5a0f0489,2023-06-30,nordnet_salkkuraportti,CubeSmart,Salkku 1,6547.12,varat,sijoitusvarallisuus,osinkosalkku,10,nordnet_salkkuraportti_preprocessed.csv,1.0,6547.12,mkk,False,7b528144ee537bb987b010cc59ba6ad083ee8b5572037c8d2a02dacc5a0f0489
44fc8be4eb9663e54f744f3c904bf989e37c7404ddd14a2d387502fcfa75e438,2023-02-27,nordnet_salkkuraportti,CubeSmart,Salkku 1,7034.91,varat,sijoitusvarallisuus,osinkosalkku,10,nordnet_salkkuraportti_preprocessed.csv,1.0,7034.91,mkk,False,44fc8be4eb9663e54f744f3c904bf989e37c7404ddd14a2d387502fcfa75e438
34ae3ad1ab848bcef6faa97db961629454812da1a4ebdcb8b8a6aede559473ef,2023-05-31,nordnet_salkkuraportti,CubeSmart,Salkku 1,6654.11,varat,sijoitusvarallisuus,osinkosalkku,10,nordnet_salkkuraportti_preprocessed.csv,1.0,6654.11,mkk,False,34ae3ad1ab848bcef6faa97db961629454812da1a4ebdcb8b8a6aede559473ef
1e5313c6c8b32ab1ee026245bae2d909b9512136bb653e76a441c8d78bf2edfb,2023-03-31,nordnet_salkkuraportti,CubeSmart,Salkku 1,6817.72,varat,sijoitusvarallisuus,osinkosalkku,10,nordnet_salkkuraportti_preprocessed.csv,1.0,6817.72,mkk,False,1e5313c6c8b32ab1ee026245bae2d909b9512136bb653e76a441c8d78bf2edfb
1716a9c799dd881b5009d746585da75c3574148b89aaf6cd5ffcb5eabfddc1dc,2023-04-30,nordnet_salkkuraportti,CubeSmart,Salkku 1,6604.95,varat,sijoitusvarallisuus,osinkosalkku,10,nordnet_salkkuraportti_preprocessed.csv,1.0,6604.95,mkk,False,1716a9c799dd881b5009d746585da75c3574148b89aaf6cd5ffcb5eabfddc1dc
db3eccfa2d2232b673ec359119d0be290c1d081c4130f1fa8179ebcd142a4dfd,2024-02-28,nordnet_salkkuraportti,CubeSmart,Salkku 1,6738.83,varat,sijoitusvarallisuus,osinkosalkku,10,nordnet_salkkuraportti_preprocessed.csv,1.0,6738.83,mkk,False,db3eccfa2d2232b673ec359119d0be290c1d081c4130f1fa8179ebcd142a4dfd
ef445242815cf72d3ac9bdecfe47e5338ae6c96d9a323b98db9e2c9229772f3f,2023-09-30,nordnet_salkkuraportti,CubeSmart,Salkku 1,5770.41,varat,sijoitusvarallisuus,osinkosalkku,10,nordnet_salkkuraportti_preprocessed.csv,1.0,5770.41,mkk,False,ef445242815cf72d3ac9bdecfe47e5338ae6c96d9a323b98db9e2c9229772f3f
5b99210fccf2987a0c58166d3c565925338eb58a2b12c371aa377faf548dbb54,2023-07-31,nordnet_salkkuraportti,CubeSmart,Salkku 1,6309.6,varat,sijoitusvarallisuus,osinkosalkku,10,nordnet_salkkuraportti_preprocessed.csv,1.0,6309.6,mkk,False,5b99210fccf2987a0c58166d3c565925338eb58a2b12c371aa377faf548dbb54
9c94a2360d619624c97d27af25d9215a4ae3206f064f73492d26e9a08653dfe6,2023-03-29,penno,Kahvittelu,Pulla,-3.5,menot,ruoka,välipalat,19,penno.xlsx,1.0,-3.5,mkk,False,9c94a2360d619624c97d27af25d9215a4ae3206f064f73492d26e9a08653dfe6
af9e032184e9feef14885522c07030a8d180835c6605c17a81187478b9385600,2023-03-29,penno,Liikenne,Bussi,-3.1,menot,liikkuminen,,20,penno.xlsx,1.0,-3.1,mkk,False,af9e032184e9feef14885522c07030a8d180835c6605c17a81187478b9385600
a1ddca52393d684f120b5322fe36696b752742366b0d7961a9877dcec0f9d133,2023-03-28,penno,Liikenne,Juna,-19.1,menot,liikkuminen,,20,penno.xlsx,1.0,-19.1,mkk,False,a1ddca52393d684f120b5322fe36696b752742366b0d7961a9877dcec0f9d133
fa828980d7f5ca3a8500938c670a07dc9ff0d3fe0d89cc071ab07fc87f22c008,2023-03-11,penno,Liikenne,Juna,-13.4,menot,liikkuminen,,20,penno.xlsx,1.0,-13.4,mkk,False,fa828980d7f5ca3a8500938c670a07dc9ff0d3fe0d89cc071ab07fc87f22c008
3da3b53e10173a5cb309fce017fe919167801155213f063ee35774114ee159c3,2023-04-30,nordnet_salkkuraportti,Likvidit varat,Salkku 3,1692.41,varat,sijoitusvarallisuus,kasvusalkku,11,nordnet_salkkuraportti_preprocessed.csv,1.0,1692.41,mkk,False,3da3b53e10173a5cb309fce017fe919167801155213f063ee35774114ee159c3
e3118e7ab3b2ee1c9e41e146c3555c08c70444a9e8cedb50a2a71d54d57eea00,2023-02-27,nordnet_salkkuraportti,Likvidit varat,Salkku 3,1692.41,varat,sijoitusvarallisuus,kasvusalkku,11,nordnet_salkkuraportti_preprocessed.csv,1.0,1692.41,mkk,False,e3118e7ab3b2ee1c9e41e146c3555c08c70444a9e8cedb50a2a71d54d57eea00
45eb6f1a120c1aeb5b464d90e341cf4ca4aff831328d0e4aea940e5f81a75ccd,2023-01-31,nordnet_salkkuraportti,Likvidit varat,Salkku 3,1692.41,varat,sijoitusvarallisuus,kasvusalkku,11,nordnet_salkkuraportti_preprocessed.csv,1.0,1692.41,mkk,False,45eb6f1a120c1aeb5b464d90e341cf4ca4aff831328d0e4aea940e5f81a75ccd
b8c8c63c523f74a78b2d8657efc08ba5e74b4292b0e9ab20d116971131543176,2023-03-31,nordnet_salkkuraportti,Likvidit varat,Salkku 3,1692.41,varat,sijoitusvarallisuus,kasvusalkku,11,nordnet_salkkuraportti_preprocessed.csv,1.0,1692.41,mkk,False,b8c8c63c523f74a78b2d8657efc08ba5e74b4292b0e9ab20d116971131543176
c52ccb7e3b403fbacfd32bd4a01b1f8f175e5aa97ea0a0632188d85d0026ff1a,2023-03-14,penno,Muut,,-25.0,menot,muut,,24,penno.xlsx,1.0,-25.0,mkk,False,c52ccb7e3b403fbacfd32bd4a01b1f8f175e5aa97ea0a0632188d85d0026ff1a
7064b8289bdd37d62a05c9bae3721e7db926b4558025575798ebc7ab8bdef60c,2023-12-01,luottokortti,Netflix,MEMBER ORGANIZATIONS - DEF,-11.65,menot,media,suoratoisto,3,luottokortti.xlsx,1.0,-11.65,mkk,False,7064b8289bdd37d62a05c9bae3721e7db926b4558025575798ebc7ab8bdef60c
41ddb5cc33242a10641411ce19ee09f994cb6bfb4870c1a389f294cf7a29bab9,2023-08-03,luottokortti,Netflix,MEMBER ORGANIZATIONS - DEF,-11.65,menot,media,suoratoisto,3,luottokortti.xlsx,1.0,-11.65,mkk,False,41ddb5cc33242a10641411ce19ee09f994cb6bfb4870c1a389f294cf7a29bab9
5d4b214df82d83756d3293a203fa2379e064c392e68df0f1c57534e3f1dd0bc4,2023-02-04,luottokortti,Netflix,MEMBER ORGANIZATIONS - DEF,-11.65,menot,media,suoratoisto,3,luottokortti.xlsx,1.0,-11.65,mkk,False,5d4b214df82d83756d3293a203fa2379e064c392e68df0f1c57534e3f1dd0bc4
75104b54ac23d9105b774c774fa6dcf2c0d3ec4e8b83fe8997c4456a46a2b9cf,2023-05-05,luottokortti,Netflix,MEMBER ORGANIZATIONS - DEF,-11.65,menot,media,suoratoisto,3,luottokortti.xlsx,1.0,-11.65,mkk,False,75104b54ac23d9105b774c774fa6dcf2c0d3ec4e8b83fe8997c4456a46a2b9cf
b20b41716e6bd3f3027685e744fce08d77c9060c985f6fc80ccb78bdf7cddca7,2023-09-02,luottokortti,Netflix,MEMBER ORGANIZATIONS - DEF,-11.65,menot,media,suoratoisto,3,luottokortti.xlsx,1.0,-11.65,mkk,False,b20b41716e6bd3f3027685e744fce08d77c9060c985f6fc80ccb78bdf7cddca7
97ae2b4d3ad838ddfccba057d33be8085d75ee9ec8e2deddfc45552b535debbc,2023-01-05,luottokortti,Netflix,MEMBER ORGANIZATIONS - DEF,-11.65,menot,media,suoratoisto,3,luottokortti.xlsx,1.0,-11.65,mkk,False,97ae2b4d3ad838ddfccba057d33be8085d75ee9ec8e2deddfc45552b535debbc
0a2c172ab146b7e9e790437a8dfb3e8b2bd5748583e426d0b90422524a7f11de,2023-03-06,luottokortti,Netflix,MEMBER ORGANIZATIONS - DEF,-11.65,menot,media,suoratoisto,3,luottokortti.xlsx,1.0,-11.65,mkk,False,0a2c172ab146b7e9e790437a8dfb3e8b2bd5748583e426d0b90422524a7f11de
c1a812ef4a88ee0468616bc95d50120eb8457754ab0f363886aac4534b224656,2023-10-02,luottokortti,Netflix,MEMBER ORGANIZATIONS - DEF,-11.65,menot,media,suoratoisto,3,luottokortti.xlsx,1.0,-11.65,mkk,False,c1a812ef4a88ee0468616bc95d50120eb8457754ab0f363886aac4534b224656
31ded88a947ba6d449187069011bf7109b448f209392deed7f23813895b351f9,2023-07-04,luottokortti,Netflix,MEMBER ORGANIZATIONS - DEF,-11.65,menot,media,suoratoisto,3,luottokortti.xlsx,1.0,-11.65,mkk,False,31ded88a947ba6d449187069011bf7109b448f209392deed7f23813895b351f9
ebcf1f73cd3eebaddfea79e5969066cdf3dfb0fe7078e58f9667e37b3bcb31d0,2023-04-05,luottokortti,Netflix,MEMBER ORGANIZATIONS - DEF,-11.65,menot,media,suoratoisto,3,luottokortti.xlsx,1.0,-11.65,mkk,False,ebcf1f73cd3eebaddfea79e5969066cdf3dfb0fe7078e58f9667e37b3bcb31d0
0e2d213ef47667fce37266c766bc14dbe287a0c151e6e02b572cab50b52a9d82,2023-11-01,luottokortti,Netflix,MEMBER ORGANIZATIONS - DEF,-11.65,menot,media,suoratoisto,3,luottokortti.xlsx,1.0,-11.65,mkk,False,0e2d213ef47667fce37266c766bc14dbe287a0c151e6e02b572cab50b52a9d82
88461a428b23a88964dc255e9f0cb3f8933cc6c60bc4d4f2678b021fe8767930,2023-06-04,luottokortti,Netflix,MEMBER ORGANIZATIONS - DEF,-11.65,menot,media,suoratoisto,3,luottokortti.xlsx,1.0,-11.65,mkk,False,88461a428b23a88964dc255e9f0cb3f8933cc6c60bc4d4f2678b021fe8767930
85455bd9ee37cff791317a632677c75351c8178d31ecde8430914703a7e37b3f,2023-11-30,varat,Nordean sijoitukset,,22934.0,varat,sijoitusvarallisuus,osakkeet,7,varat.csv,1.0,22934.0,mkk,False,85455bd9ee37cff791317a632677c75351c8178d31ecde8430914703a7e37b3f
13bbc414d7ba82eda4a17140e49c5bd3b60c20470e86fe455d6486c2edb55e54,2023-10-31,varat,Nordean sijoitukset,,21624.0,varat,sijoitusvarallisuus,osakkeet,7,varat.csv,1.0,21624.0,mkk,False,13bbc414d7ba82eda4a17140e49c5bd3b60c20470e86fe455d6486c2edb55e54
ab2c4af32cd00887e7643b17e615fc009f0267b4fb553103f0d459eed14a0229,2023-03-31,varat,Nordean sijoitukset,,12471.0,varat,sijoitusvarallisuus,osakkeet,7,varat.csv,1.0,12471.0,mkk,False,ab2c4af32cd00887e7643b17e615fc009f0267b4fb553103f0d459eed14a0229
6045c8e0f6d9ba1e9d3f0508a2fa9df66bbd9338ac5f01c62fe877188e327b04,2023-09-30,varat,Nordean sijoitukset,,20145.0,varat,sijoitusvarallisuus,osakkeet,7,varat.csv,1.0,20145.0,mkk,False,6045c8e0f6d9ba1e9d3f0508a2fa9df66bbd9338ac5f01c62fe877188e327b04
e8fdddff9dd809d19af17eba8ade12fe6e46ebf9995a0c1f83acce6ed6c42b38,2023-01-31,varat,Nordean sijoitukset,,10000.0,varat,sijoitusvarallisuus,osakkeet,7,varat.csv,1.0,10000.0,mkk,False,e8fdddff9dd809d19af17eba8ade12fe6e46ebf9995a0c1f83acce6ed6c42b38
48ef15814c8c95b5511f84c78288147c0f47a30fa1557830cb204f15ef0ce02b,2023-12-31,varat,Nordean sijoitukset,,23593.0,varat,sijoitusvarallisuus,osakkeet,7,varat.csv,1.0,23593.0,mkk,False,48ef15814c8c95b5511f84c78288147c0f47a30fa1557830cb204f15ef0ce02b
035105cabae28cd7297e53dca57b91365e1a5c6e1d8a43f4b07bc382530ac403,2024-01-31,varat,Nordean sijoitukset,,23893.0,varat,sijoitusvarallisuus,osakkeet,7,varat.csv,1.0,23893.0,mkk,False,035105cabae28cd7297e53dca57b91365e1a5c6e1d8a43f4b07bc382530ac403
1df03900348969e70545f2f0fdc17cfc455b7cc843fb593acf792994c8a5791d,2023-02-28,varat,Nordean sijoitukset,,11085.0,varat,sijoitusvarallisuus,osakkeet,7,varat.csv,1.0,11085.0,mkk,False,1df03900348969e70545f2f0fdc17cfc455b7cc843fb593acf792994c8a5791d
88981848cf6f41617e59daf533eba7206e6e23e4f8bfdc3a9abc754aef3eb242,2023-08-31,varat,Nordean sijoitukset,,18713.0,varat,sijoitusvarallisuus,osakkeet,7,varat.csv,1.0,18713.0,mkk,False,88981848cf6f41617e59daf533eba7206e6e23e4f8bfdc3a9abc754aef3eb242
eeb7384395d61bd47f6144680fa3a17139515a4e44f3b7428f2b7cdd892a2215,2023-07-31,varat,Nordean sijoitukset,,18019.0,varat,sijoitusvarallisuus,osakkeet,7,varat.csv,1.0,18019.0,mkk,False,eeb7384395d61bd47f6144680fa3a17139515a4e44f3b7428f2b7cdd892a2215
08496c298665f49b9cf31b7a98db7b1752b8211d6ca4a72672e7b6ffa4c2fa82,2023-06-30,varat,Nordean sijoitukset,,16529.0,varat,sijoitusvarallisuus,osakkeet,7,varat.csv,1.0,16529.0,mkk,False,08496c298665f49b9cf31b7a98db7b1752b8211d6ca4a72672e7b6ffa4c2fa82
5b68cd8d2304376f0585d9836bc55c539e4147df1d05b835aa544ef6a0a485b7,2024-02-28,varat,Nordean sijoitukset,,22893.0,varat,sijoitusvarallisuus,osakkeet,7,varat.csv,1.0,22893.0,mkk,False,5b68cd8d2304376f0585d9836bc55c539e4147df1d05b835aa544ef6a0a485b7
3c7a6e1f0b957dd12c5f1a6a80a026517bf0900c754c398057c580088f84ca53,2023-05-31,varat,Nordean sijoitukset,,15228.0,varat,sijoitusvarallisuus,osakkeet,7,varat.csv,1.0,15228.0,mkk,False,3c7a6e1f0b957dd12c5f1a6a80a026517bf0900c754c398057c580088f84ca53
56710a8982dba57e2869cb0a9788c2331473a7ced4778ea1c4b5b4018c38bb40,2023-04-30,varat,Nordean sijoitukset,,13954.0,varat,sijoitusvarallisuus,osakkeet,7,varat.csv,1.0,13954.0,mkk,False,56710a8982dba57e2869cb0a9788c2331473a7ced4778ea1c4b5b4018c38bb40
acf32fa242a05446bc74bc010d0ea900294f69d398c699798ca72ef3fa65b13b,2023-04-17,osingot,O,ENNAKKOPIDÄTYS,-13.22,tulot,pääomatulot,osinkotulot,15,osingot-2023-2024.csv,1.0,-13.22,mkk,False,acf32fa242a05446bc74bc010d0ea900294f69d398c699798ca72ef3fa65b13b
7aa0e0c06403c3bc53be9782be50d5e213ce6106596584d0c27ceff8e655afbd,2023-06-16,osingot,O,ENNAKKOPIDÄTYS,-13.28,tulot,pääomatulot,osinkotulot,15,osingot-2023-2024.csv,1.0,-13.28,mkk,False,7aa0e0c06403c3bc53be9782be50d5e213ce6106596584d0c27ceff8e655afbd
f81d60fbcf343c5cb6c16013b9a289071a26fc39f07edc9717ac4483a2fd7ff2,2023-06-16,osingot,O,OSINKO,88.56,tulot,pääomatulot,osinkotulot,15,osingot-2023-2024.csv,1.0,88.56,mkk,False,f81d60fbcf343c5cb6c16013b9a289071a26fc39f07edc9717ac4483a2fd7ff2
fe61090c9479b9c0534efbf66d4563a082e0380c185e97f171689ce54046f7b9,2023-05-16,osingot,O,ENNAKKOPIDÄTYS,-13.36,tulot,pääomatulot,osinkotulot,15,osingot-2023-2024.csv,1.0,-13.36,mkk,False,fe61090c9479b9c0534efbf66d4563a082e0380c185e97f171689ce54046f7b9
859016d195848304e418509b01df37b5bb53f3012aa7b500a407779518c5d845,2023-05-16,osingot,O,OSINKO,89.05,tulot,pääomatulot,osinkotulot,15,osingot-2023-2024.csv,1.0,89.05,mkk,False,859016d195848304e418509b01df37b5bb53f3012aa7b500a407779518c5d845
fbfe47622e2f72ba12ee31d477773b94fccda909a1b1b32a4e65b80ea8da3b1c,2023-01-16,osingot,O,OSINKO,87.35,tulot,pääomatulot,osinkotulot,15,osingot-2023-2024.csv,1.0,87.35,mkk,False,fbfe47622e2f72ba12ee31d477773b94fccda909a1b1b32a4e65b80ea8da3b1c
3a8d24c35343c543e487d59c089f32a4548f46ef5fa61d9bf176500738486051,2023-04-17,osingot,O,OSINKO,88.11,tulot,pääomatulot,osinkotulot,15,osingot-2023-2024.csv,1.0,88.11,mkk,False,3a8d24c35343c543e487d59c089f32a4548f46ef5fa61d9bf176500738486051
88027d7d0a1e17057846e1644f694d3ea87e758d99830c8f1d925c895b1ec31d,2023-03-16,osingot,O,ENNAKKOPIDÄTYS,-13.66,tulot,pääomatulot,osinkotulot,15,osingot-2023-2024.csv,1.0,-13.66,mkk,False,88027d7d0a1e17057846e1644f694d3ea87e758d99830c8f1d925c895b1ec31d
315823ea1a128c95f8dc90995d79588a346255f6545ca4851e5ed1818aafd85f,2023-03-16,osingot,O,OSINKO,91.05,tulot,pääomatulot,osinkotulot,15,osingot-2023-2024.csv,1.0,91.05,mkk,False,315823ea1a128c95f8dc90995d79588a346255f6545ca4851e5ed1818aafd85f
1bb4f8937d534ddcb8f35e6fd5e64bf2f28ba93c34768802e3d82a266c5b2ab2,2023-02-16,osingot,O,ENNAKKOPIDÄTYS,-13.22,tulot,pääomatulot,osinkotulot,15,osingot-2023-2024.csv,1.0,-13.22,mkk,False,1bb4f8937d534ddcb8f35e6fd5e64bf2f28ba93c34768802e3d82a266c5b2ab2
cb9af532d4befa5ea64e0ce73a64e7a4328aed2e90b5910b5c108aed65404d00,2023-02-16,osingot,O,OSINKO,88.13,tulot,pääomatulot,osinkotulot,15,osingot-2023-2024.csv,1.0,88.13,mkk,False,cb9af532d4befa5ea64e0ce73a64e7a4328aed2e90b5910b5c108aed65404d00
30c5e9cc5fe0ca3723e498171f6ba996cd4ccacc83d2b685c37f7a4c47191c04,2024-01-16,osingot,O,OSINKO,87.35,tulot,pääomatulot,osinkotulot,15,osingot-2023-2024.csv,1.0,87.35,mkk,False,30c5e9cc5fe0ca3723e498171f6ba996cd4ccacc83d2b685c37f7a4c47191c04
8a3b4c50b69ba477bb5cfc7e6f4bf7013d702401705e5aae096646db240ae1a5,2024-01-16,osingot,O,ENNAKKOPIDÄTYS,-13.1,tulot,pääomatulot,osinkotulot,15,osingot-2023-2024.csv,1.0,-13.1,mkk,False,8a3b4c50b69ba477bb5cfc7e6f4bf7013d702401705e5aae096646db240ae1a5
49713493e893f0d16b22c3ac378e445b42e75b7a1a101173fec7d586e9db1766,2024-02-16,osingot,O,OSINKO,88.13,tulot,pääomatulot,osinkotulot,15,osingot-2023-2024.csv,1.0,88.13,mkk,False,49713493e893f0d16b22c3ac378e445b42e75b7a1a101173fec7d586e9db1766
afa3bcfd299ebfd39a3987df0bfa44c963740da5b7b570f926a0e0bd5d40c2ce,2024-02-16,osingot,O,ENNAKKOPIDÄTYS,-13.22,tulot,pääomatulot,osinkotulot,15,osingot-2023-2024.csv,1.0,-13.22,mkk,False,afa3bcfd299ebfd39a3987df0bfa44c963740da5b7b570f926a0e0bd5d40c2ce
d4850029eb6968e36b3e13487781b8d0aec2c708ba649fff4f1aa76f7b71fa8e,2023-01-16,osingot,O,ENNAKKOPIDÄTYS,-13.1,tulot,pääomatulot,osinkotulot,15,osingot-2023-2024.csv,1.0,-13.1,mkk,False,d4850029eb6968e36b3e13487781b8d0aec2c708ba649fff4f1aa76f7b71fa8e
837c2facb05e5421f40204c506606b4b11e6e4616cba9a60be37beaf4f8249e0,2024-02-28,s-pankki,Oma tilisiirto,KORTTIOSTO,-500.0,pois,sisäinen tilisiirto,,16,s-pankki_2024_01-2024_12.csv,1.0,-500.0,mkk,False,837c2facb05e5421f40204c506606b4b11e6e4616cba9a60be37beaf4f8249e0
abb019f8d8ba9f31e3554bfbf2b7a1fab21bb3ffa6893ae376becf0298b9dc52,2023-12-29,s-pankki,P.Ohatta,HYVITYSKORKO,0.36,tulot,passiiviset tulot,korkotulot,5,s-pankki_2023_07-2023_12.csv,1.0,0.36,mkk,False,abb019f8d8ba9f31e3554bfbf2b7a1fab21bb3ffa6893ae376becf0298b9dc52
d806e5d6ba08a1a1cc50d44a2ba0cc3d3365721a95143389e639d6b47830a739,2023-03-31,penno,Palkka,Matkakorvauksia,200.0,tulot,ansiotulot,,21,penno.xlsx,1.0,200.0,mkk,False,d806e5d6ba08a1a1cc50d44a2ba0cc3d3365721a95143389e639d6b47830a739
459dfe3da3410943334eec5ec3a0354323fefa94e30404fa20782889586c7325,2023-03-30,penno,Palkka,,1000.0,tulot,ansiotulot,,21,penno.xlsx,1.0,1000.0,mkk,False,459dfe3da3410943334eec5ec3a0354323fefa94e30404fa20782889586c7325
b736036b5f63ed660a934f0e83a2b6c54051b15476e7448ed0eefc414f76e587,2023-04-01,s-pankki,Prisma,KORTTIOSTO,-500.0,menot,ruoka,ruoka,4,s-pankki_2023_01-2023_06.csv,1.0,-500.0,mkk,False,b736036b5f63ed660a934f0e83a2b6c54051b15476e7448ed0eefc414f76e587
9e75cbfa0780b48c93dfc4944764e925d73c1de60f0afc7b0d9ef22f47b9436c,2024-01-01,s-pankki,Prisma,KORTTIOSTO,-500.0,menot,ruoka,ruoka,4,s-pankki_2024_01-2024_12.csv,1.0,-500.0,mkk,False,9e75cbfa0780b48c93dfc4944764e925d73c1de60f0afc7b0d9ef22f47b9436c
6cdd0d83874080c392813ef197f83e79b0f24452b7d1c2aefb8f313db240c6a4,2024-02-01,s-pankki,Prisma,KORTTIOSTO,-500.0,menot,ruoka,ruoka,4,s-pankki_2024_01-2024_12.csv,1.0,-500.0,mkk,False,6cdd0d83874080c392813ef197f83e79b0f24452b7d1c2aefb8f313db240c6a4
768e2d9672ac907b41b89922da766da76d3967ae3d0c873bc6dce8e89de30142,2023-06-01,s-pankki,Prisma,KORTTIOSTO,-500.0,menot,ruoka,ruoka,4,s-pankki_2023_01-2023_06.csv,1.0,-500.0,mkk,False,768e2d9672ac907b41b89922da766da76d3967ae3d0c873bc6dce8e89de30142
36a69152ab0b404923ff0c4f9a3b2e7f17c96e9b9383abc9d4f90af2f9695114,2023-07-01,s-pankki,Prisma,KORTTIOSTO,-1500.0,menot,ruoka,ruoka,4,s-pankki_2023_07-2023_12.csv,1.0,-1500.0,mkk,False,36a69152ab0b404923ff0c4f9a3b2e7f17c96e9b9383abc9d4f90af2f9695114
350f279aa8c3c2dc25e64de843b540b91418516109a09f08f69abd45b0c34be4,2023-09-01,s-pankki,Prisma,KORTTIOSTO,-1500.0,menot,ruoka,ruoka,4,s-pankki_2023_07-2023_12.csv,1.0,-1500.0,mkk,False,350f279aa8c3c2dc25e64de843b540b91418516109a09f08f69abd45b0c34be4
c42cd106895232e660e9226f125497bfadc332a3da96e0e24c78b4c0eac68274,2023-03-01,s-pankki,Prisma,KORTTIOSTO,-500.0,menot,ruoka,ruoka,4,s-pankki_2023_01-2023_06.csv,1.0,-500.0,mkk,False,c42cd106895232e660e9226f125497bfadc332a3da96e0e24c78b4c0eac68274
237ea1afcd5c0a7fc7ef1e167dca2d33392e9ba5b026e15ebf2a771bde81fa3d,2023-11-01,s-pankki,Prisma,KORTTIOSTO,-1500.0,menot,ruoka,ruoka,4,s-pankki_2023_07-2023_12.csv,1.0,-1500.0,mkk,False,237ea1afcd5c0a7fc7ef1e167dca2d33392e9ba5b026e15ebf2a771bde81fa3d
8740da6b3aa8a9641a50fb2c14ed89efe9dc12a33cad82a9dc5fde9a20e4c57e,2023-12-01,s-pankki,Prisma,KORTTIOSTO,-1500.0,menot,ruoka,ruoka,4,s-pankki_2023_07-2023_12.csv,1.0,-1500.0,mkk,False,8740da6b3aa8a9641a50fb2c14ed89efe9dc12a33cad82a9dc5fde9a20e4c57e
56531ea702b26e6f700c8bc1ec7311a8b6ee26255c01f6b5c7e1bcc398020b27,2023-05-01,s-pankki,Prisma,KORTTIOSTO,-500.0,menot,ruoka,ruoka,4,s-pankki_2023_01-2023_06.csv,1.0,-500.0,mkk,False,56531ea702b26e6f700c8bc1ec7311a8b6ee26255c01f6b5c7e1bcc398020b27
1ff331cb3bdcf2266bc883147ddbfc8bb82b5307526884a7635102ac6c804cef,2023-01-01,s-pankki,Prisma,KORTTIOSTO,-500.0,menot,ruoka,ruoka,4,s-pankki_2023_01-2023_06.csv,1.0,-500.0,mkk,False,1ff331cb3bdcf2266bc883147ddbfc8bb82b5307526884a7635102ac6c804cef
75338ae5df8dbb8c4e5270b71914558d4f7e8f84d5680835d6f5f47f5c760345,2023-02-01,s-pankki,Prisma,KORTTIOSTO,-500.0,menot,ruoka,ruoka,4,s-pankki_2023_01-2023_06.csv,1.0,-500.0,mkk,False,75338ae5df8dbb8c4e5270b71914558d4f7e8f84d5680835d6f5f47f5c760345
ece98542b612a39bf0b7ab5c5ff34b5350d25deeaddd933c8f179a5522a10148,2023-10-01,s-pankki,Prisma,KORTTIOSTO,-1500.0,menot,ruoka,ruoka,4,s-pankki_2023_07-2023_12.csv,1.0,-1500.0,mkk,False,ece98542b612a39bf0b7ab5c5ff34b5350d25deeaddd933c8f179a5522a10148
3c8729b18d3972e83fc039edf0fd9fde5dae0263af9be5604c0be626b51f3539,2023-08-01,s-pankki,Prisma,KORTTIOSTO,-1500.0,menot,ruoka,ruoka,4,s-pankki_2023_07-2023_12.csv,1.0,-1500.0,mkk,False,3c8729b18d3972e83fc039edf0fd9fde5dae0263af9be5604c0be626b51f3539
1ad184966ed7ba3590792a4a372f920e8255ea816d4beecf8e8a9aa75ad7ee54,2023-12-27,s-pankki,Puuilo,KORTTIOSTO,-19.9,menot,muut menot,,9,s-pankki_2023_07-2023_12.csv,1.0,-19.9,mkk,False,1ad184966ed7ba3590792a4a372f920e8255ea816d4beecf8e8a9aa75ad7ee54
fabed6dc7cfe3a593c990eb3dfd8f9ad4945e9d7e10796c6f090817eede0d1b1,2023-03-11,penno,Ruokakauppa,,-21.18,menot,ruoka,ruoka,22,penno.xlsx,1.0,-21.18,mkk,False,fabed6dc7cfe3a593c990eb3dfd8f9ad4945e9d7e10796c6f090817eede0d1b1
b6dbed8094ac6179844b7772dcff09bbcb7f428a222b5d9a20029ad02cbc65c1,2023-03-14,penno,Ruokakauppa,,-33.9,menot,ruoka,ruoka,22,penno.xlsx,1.0,-33.9,mkk,False,b6dbed8094ac6179844b7772dcff09bbcb7f428a222b5d9a20029ad02cbc65c1
aa4b20917190401e20e2e9fc13d30faefa81b5b217256864d221abe70ca896d8,2023-03-28,penno,Ruokakauppa,,-2.74,menot,ruoka,ruoka,22,penno.xlsx,1.0,-2.74,mkk,False,aa4b20917190401e20e2e9fc13d30faefa81b5b217256864d221abe70ca896d8
faaa5ab9b2d52b975031834cd5b612fe2afd6d44d1485b2591a62f1e4df6274b,2024-01-24,nordea,S-MARKET,XXXXX,-22.04,menot,ruoka,ruoka,23,nordea.csv,1.0,-22.04,mkk,False,faaa5ab9b2d52b975031834cd5b612fe2afd6d44d1485b2591a62f1e4df6274b
584818e118192bdb6ed97b0cfb2b1d0d48ad109b5b11bc53dcacf7273a183d81,2023-04-30,varat,S-Pankin saldo,,2851.0,varat,käteinen,s-pankki,6,varat.csv,1.0,2851.0,mkk,False,584818e118192bdb6ed97b0cfb2b1d0d48ad109b5b11bc53dcacf7273a183d81
a972d63e39242e3bbac204060daebda8974f7c2abb8bffd6b4d998a231549fef,2023-05-31,varat,S-Pankin saldo,,201.0,varat,käteinen,s-pankki,6,varat.csv,1.0,201.0,mkk,False,a972d63e39242e3bbac204060daebda8974f7c2abb8bffd6b4d998a231549fef
46391e14caab7a2640a8d02c28072cbfe192b62621ca001778229a6c9a5afdd7,2024-02-28,varat,S-Pankin saldo,,2225.0,varat,käteinen,s-pankki,6,varat.csv,1.0,2225.0,mkk,False,46391e14caab7a2640a8d02c28072cbfe192b62621ca001778229a6c9a5afdd7
ee11163ada0dec91c9a9ca462d013503ce11347c0e1552c633a05645830f44ce,2023-06-30,varat,S-Pankin saldo,,447.0,varat,käteinen,s-pankki,6,varat.csv,1.0,447.0,mkk,False,ee11163ada0dec91c9a9ca462d013503ce11347c0e1552c633a05645830f44ce
3f9539384803f6263d17fb3b4a3a073418c0b03e0172f8139bebfc3604f09590,2023-03-31,varat,S-Pankin saldo,,3925.0,varat,käteinen,s-pankki,6,varat.csv,1.0,3925.0,mkk,False,3f9539384803f6263d17fb3b4a3a073418c0b03e0172f8139bebfc3604f09590
84da9186999acf081e9b563c2d1d1721b60158e11d6c36c28af3b04da4a0b5c1,2023-02-28,varat,S-Pankin saldo,,497.0,varat,käteinen,s-pankki,6,varat.csv,1.0,497.0,mkk,False,84da9186999acf081e9b563c2d1d1721b60158e11d6c36c28af3b04da4a0b5c1
9924e571677474b6a259ec559c3dc5b3eead822dec85910b334bb0342fcfbf24,2024-01-31,varat,S-Pankin saldo,,2000.0,varat,käteinen,s-pankki,6,varat.csv,1.0,2000.0,mkk,False,9924e571677474b6a259ec559c3dc5b3eead822dec85910b334bb0342fcfbf24
70798d2b65f78f79a4d91a53850e21ea2cefd961b6fb617f316db490ba2299a4,2023-07-31,varat,S-Pankin saldo,,6680.0,varat,käteinen,s-pankki,6,varat.csv,1.0,6680.0,mkk,False,70798d2b65f78f79a4d91a53850e21ea2cefd961b6fb617f316db490ba2299a4
921cec207bdb976d2c01a7bb663eaeff7b6140691baeef56e7588a770ae98195,2023-09-30,varat,S-Pankin saldo,,9611.0,varat,käteinen,s-pankki,6,varat.csv,1.0,9611.0,mkk,False,921cec207bdb976d2c01a7bb663eaeff7b6140691baeef56e7588a770ae98195
c3fc1d0c5b0a12023fea603fa65d9937b41e20c1c4ebf8d9c87d15a94ddd7665,2023-12-31,varat,S-Pankin saldo,,3011.0,varat,käteinen,s-pankki,6,varat.csv,1.0,3011.0,mkk,False,c3fc1d0c5b0a12023fea603fa65d9937b41e20c1c4ebf8d9c87d15a94ddd7665
3440197d6dd557204188b52d3071ba580848a1e6fc1476d0daf27ab50099bb7a,2023-08-31,varat,S-Pankin saldo,,6533.0,varat,käteinen,s-pankki,6,varat.csv,1.0,6533.0,mkk,False,3440197d6dd557204188b52d3071ba580848a1e6fc1476d0daf27ab50099bb7a
dcc37f5c0ec178dbbc91f33dccb79689c4a7af920602d676730de200815cac3f,2023-11-30,varat,S-Pankin saldo,,1705.0,varat,käteinen,s-pankki,6,varat.csv,1.0,1705.0,mkk,False,dcc37f5c0ec178dbbc91f33dccb79689c4a7af920602d676730de200815cac3f
69f13385b639c9585cfc1cab8aeeb2a661f3a03f4a216f71a455c4aa843ce89e,2023-10-31,varat,S-Pankin saldo,,3103.0,varat,käteinen,s-pankki,6,varat.csv,1.0,3103.0,mkk,False,69f13385b639c9585cfc1cab8aeeb2a661f3a03f4a216f71a455c4aa843ce89e
2e068403ccdbf3fc3685ba4045a9634d9643f5eb731c804279a0a4ed70dc11f2,2023-01-31,varat,S-Pankin saldo,,7460.0,varat,käteinen,s-pankki,6,varat.csv,1.0,7460.0,mkk,False,2e068403ccdbf3fc3685ba4045a9634d9643f5eb731c804279a0a4ed70dc11f2
853798b8d7bbc382b5d7bb7faf45a93335e91a3a10b9a3ee2d53fa439e6da665,2023-07-05,luottokortti,Spotify,DIGITAL GOODS – LARGE DIGITAL GOODS MERCHANT,-12.99,menot,media,musiikki,8,luottokortti.xlsx,1.0,-12.99,mkk,False,853798b8d7bbc382b5d7bb7faf45a93335e91a3a10b9a3ee2d53fa439e6da665
7b0888fefe0079a0d0ddf1365cb2fea8ac22b2fca7987e36ab15a69306bd70a3,2023-05-06,luottokortti,Spotify,DIGITAL GOODS – LARGE DIGITAL GOODS MERCHANT,-12.99,menot,media,musiikki,8,luottokortti.xlsx,1.0,-12.99,mkk,False,7b0888fefe0079a0d0ddf1365cb2fea8ac22b2fca7987e36ab15a69306bd70a3
a6ec8f7a2621b99e0c6bed056062ea9cdda8563c99330790eacf1ace04813a99,2023-11-02,luottokortti,Spotify,DIGITAL GOODS – LARGE DIGITAL GOODS MERCHANT,-12.99,menot,media,musiikki,8,luottokortti.xlsx,1.0,-12.99,mkk,False,a6ec8f7a2621b99e0c6bed056062ea9cdda8563c99330790eacf1ace04813a99
76dacca8d29e21866a95461649a8d24395c6aa3d547ea315c677f0e9baa7be06,2023-04-06,luottokortti,Spotify,DIGITAL GOODS – LARGE DIGITAL GOODS MERCHANT,-12.99,menot,media,musiikki,8,luottokortti.xlsx,1.0,-12.99,mkk,False,76dacca8d29e21866a95461649a8d24395c6aa3d547ea315c677f0e9baa7be06
75a3989c5e9ed99d9ca548e36d9b3b0a75d2447d7f240bb9bf57365ffd32c67f,2023-10-03,luottokortti,Spotify,DIGITAL GOODS – LARGE DIGITAL GOODS MERCHANT,-12.99,menot,media,musiikki,8,luottokortti.xlsx,1.0,-12.99,mkk,False,75a3989c5e9ed99d9ca548e36d9b3b0a75d2447d7f240bb9bf57365ffd32c67f
7029b993419a0d926bf1c4d49d5343d3f4052551fa2385e4571a65aa3e9d216d,2023-01-06,luottokortti,Spotify,DIGITAL GOODS – LARGE DIGITAL GOODS MERCHANT,-12.99,menot,media,musiikki,8,luottokortti.xlsx,1.0,-12.99,mkk,False,7029b993419a0d926bf1c4d49d5343d3f4052551fa2385e4571a65aa3e9d216d
6eb672ac9f4fd82fa87c06681ccfd7259e4b2e779128354b0f2f3079431c2469,2023-03-07,luottokortti,Spotify,DIGITAL GOODS – LARGE DIGITAL GOODS MERCHANT,-12.99,menot,media,musiikki,8,luottokortti.xlsx,1.0,-12.99,mkk,False,6eb672ac9f4fd82fa87c06681ccfd7259e4b2e779128354b0f2f3079431c2469
56671f7e7eea1ac0608ea5f9f22b2ff99d1a08dc902b636751ba4c18b1d1475a,2023-09-03,luottokortti,Spotify,DIGITAL GOODS – LARGE DIGITAL GOODS MERCHANT,-12.99,menot,media,musiikki,8,luottokortti.xlsx,1.0,-12.99,mkk,False,56671f7e7eea1ac0608ea5f9f22b2ff99d1a08dc902b636751ba4c18b1d1475a
3ca8441b1bd20f2c3b9af3a9d1ebb72969951dc75efb77a27285cbdfb637fba8,2023-06-05,luottokortti,Spotify,DIGITAL GOODS – LARGE DIGITAL GOODS MERCHANT,-12.99,menot,media,musiikki,8,luottokortti.xlsx,1.0,-12.99,mkk,False,3ca8441b1bd20f2c3b9af3a9d1ebb72969951dc75efb77a27285cbdfb637fba8
a97881ac20273d629d00970e10419b0f4cda73eb5ee017e9e31c61a623a50920,2023-02-05,luottokortti,Spotify,DIGITAL GOODS – LARGE DIGITAL GOODS MERCHANT,-12.99,menot,media,musiikki,8,luottokortti.xlsx,1.0,-12.99,mkk,False,a97881ac20273d629d00970e10419b0f4cda73eb5ee017e9e31c61a623a50920
f42f5dc69afcd8654da3436dcfba97da1f765fcc077499c359d871452f691824,2023-08-04,luottokortti,Spotify,DIGITAL GOODS – LARGE DIGITAL GOODS MERCHANT,-12.99,menot,media,musiikki,8,luottokortti.xlsx,1.0,-12.99,mkk,False,f42f5dc69afcd8654da3436dcfba97da1f765fcc077499c359d871452f691824
787d261fabb57f4ad8e800c9c196fe5f0018ca11b0547e35ab19dc2e90f7f843,2023-12-02,luottokortti,Spotify,DIGITAL GOODS – LARGE DIGITAL GOODS MERCHANT,-12.99,menot,media,musiikki,8,luottokortti.xlsx,1.0,-12.99,mkk,False,787d261fabb57f4ad8e800c9c196fe5f0018ca11b0547e35ab19dc2e90f7f843
3833f1b9e6e3d415bae583cb47b76313e4591e4890db9711268bfc49b8f360a5,2023-03-15,penno,Viihde,SkyShowtime ,-3.49,menot,viihde,,25,penno.xlsx,1.0,-3.49,mkk,False,3833f1b9e6e3d415bae583cb47b76313e4591e4890db9711268bfc49b8f360a5
ea4419870b3a48ae510f3e477fb87ebadfb45630b07e9af43201a8068a0867eb,2023-03-01,penno,Viihde,Netflix ,-15.99,menot,viihde,,25,penno.xlsx,1.0,-15.99,mkk,False,ea4419870b3a48ae510f3e477fb87ebadfb45630b07e9af43201a8068a0867eb
15d3053ac38fb984e4f03cee1accb1bca85b62c35cee95f14b1c95499ed2b756,2023-07-31,tulot,ansiotulot,,3000.0,tulot,ansiotulot,päivityö,12,tulot.csv,1.0,3000.0,mkk,False,15d3053ac38fb984e4f03cee1accb1bca85b62c35cee95f14b1c95499ed2b756
c256d867aa8df8a411fcf62f10aa9a22d4bc9bbc97e99bf44255db6cbfec11c5,2023-01-31,tulot,ansiotulot,,3000.0,tulot,ansiotulot,päivityö,12,tulot.csv,1.0,3000.0,mkk,False,c256d867aa8df8a411fcf62f10aa9a22d4bc9bbc97e99bf44255db6cbfec11c5
cdd11cbb48940141ab9d7dab4da6fea0561b14790343f52f676a24068bb97b01,2024-01-31,tulot,ansiotulot,,3500.0,tulot,ansiotulot,päivityö,12,tulot.csv,1.0,3500.0,mkk,False,cdd11cbb48940141ab9d7dab4da6fea0561b14790343f52f676a24068bb97b01
bb98627fc44a8e83178bfbee4e84d880467c1731eec9fddb48bc1d540e82b536,2023-02-28,tulot,ansiotulot,,3000.0,tulot,ansiotulot,päivityö,12,tulot.csv,1.0,3000.0,mkk,False,bb98627fc44a8e83178bfbee4e84d880467c1731eec9fddb48bc1d540e82b536
851be80e17a5344632e554a90bfc4bc114da5194aa83eff2a5063b40c81a7bda,2024-02-28,tulot,ansiotulot,,3500.0,tulot,ansiotulot,päivityö,12,tulot.csv,1.0,3500.0,mkk,False,851be80e17a5344632e554a90bfc4bc114da5194aa83eff2a5063b40c81a7bda
e34d044efb961af5f04b16efb683d5d0bdc77bad5115bc6a7f84e8955c7eb5f1,2023-04-30,tulot,ansiotulot,,3000.0,tulot,ansiotulot,päivityö,12,tulot.csv,1.0,3000.0,mkk,False,e34d044efb961af5f04b16efb683d5d0bdc77bad5115bc6a7f84e8955c7eb5f1
2f3e8a26ba15b07308d8c659fa48a540f17d5736750f45e20eddb24d6eb9cf5b,2023-05-31,tulot,ansiotulot,,3000.0,tulot,ansiotulot,päivityö,12,tulot.csv,1.0,3000.0,mkk,False,2f3e8a26ba15b07308d8c659fa48a540f17d5736750f45e20eddb24d6eb9cf5b
b3df2d25dbc3fd612bce01043db4ce916e5727e556089cc51fcbd5b5ace5d9eb,2023-06-30,tulot,ansiotulot,,3000.0,tulot,ansiotulot,päivityö,12,tulot.csv,1.0,3000.0,mkk,False,b3df2d25dbc3fd612bce01043db4ce916e5727e556089cc51fcbd5b5ace5d9eb
6e7c2033c3e92202cd90c018275f137ec93e0f8ccef6fc2f84c369abe89b2e50,2023-03-31,tulot,ansiotulot,,3000.0,tulot,ansiotulot,päivityö,12,tulot.csv,1.0,3000.0,mkk,False,6e7c2033c3e92202cd90c018275f137ec93e0f8ccef6fc2f84c369abe89b2e50
fd664e2811578098544914cbab9c437580886bc0447e5ccaf6a2bef660bfd7a9,2023-08-31,tulot,ansiotulot,,3000.0,tulot,ansiotulot,päivityö,12,tulot.csv,1.0,3000.0,mkk,False,fd664e2811578098544914cbab9c437580886bc0447e5ccaf6a2bef660bfd7a9
0772a7704f09c745459c6d1b4fd1ff356d21f2a185401f7bc4a1cab6c09e5d4b,2023-09-30,tulot,ansiotulot,,3000.0,tulot,ansiotulot,päivityö,12,tulot.csv,1.0,3000.0,mkk,False,0772a7704f09c745459c6d1b4fd1ff356d21f2a185401f7bc4a1cab6c09e5d4b
20b0a18db293e9373731dce23134eb7dc7c84f6da2ed9720a52336e2ad7fc24a,2023-10-31,tulot,ansiotulot,,3000.0,tulot,ansiotulot,päivityö,12,tulot.csv,1.0,3000.0,mkk,False,20b0a18db293e9373731dce23134eb7dc7c84f6da2ed9720a52336e2ad7fc24a
5d7ce325c22ff0f391e843b32d7e77ebe214d9435cf91dbd41cf91aec338594a,2023-11-30,tulot,ansiotulot,,3000.0,tulot,ansiotulot,päivityö,12,tulot.csv,1.0,3000.0,mkk,False,5d7ce325c22ff0f391e843b32d7e77ebe214d9435cf91dbd41cf91aec338594a
c3fcf2f33b8ccacbb25d412b338734663d9086f32192543e0f8bc467f9a74eb4,2023-12-31,tulot,ansiotulot,,3000.0,tulot,ansiotulot,päivityö,12,tulot.csv,1.0,3000.0,mkk,False,c3fcf2f33b8ccacbb25d412b338734663d9086f32192543e0f8bc467f9a74eb4
06248df2ccd0afd613bb4e05b75305470042d7f85420916ddb3dd0b259fda526,2023-05-31,velat,asuntolaina,,-88000.0,velat,asuntolaina,,2,velat.csv,1.0,-88000.0,mkk,False,06248df2ccd0afd613bb4e05b75305470042d7f85420916ddb3dd0b259fda526
c363fa8d5d43da4af505297dd2718466fc8dd20938c2b8730d6542f5838b9a20,2023-07-31,velat,asuntolaina,,-87000.0,velat,asuntolaina,,2,velat.csv,1.0,-87000.0,mkk,False,c363fa8d5d43da4af505297dd2718466fc8dd20938c2b8730d6542f5838b9a20
f52ebef0fdc2d267602266281ca51d5419318bbe28bb515aa5cc134aa210a267,2023-08-31,velat,asuntolaina,,-86500.0,velat,asuntolaina,,2,velat.csv,1.0,-86500.0,mkk,False,f52ebef0fdc2d267602266281ca51d5419318bbe28bb515aa5cc134aa210a267
fc3c6d7b05d5ec8ac2e5b1f009ce9c741edb2a94e60615925e120b0c456825d2,2023-09-30,velat,asuntolaina,,-86000.0,velat,asuntolaina,,2,velat.csv,1.0,-86000.0,mkk,False,fc3c6d7b05d5ec8ac2e5b1f009ce9c741edb2a94e60615925e120b0c456825d2
7d57ac69dcb59d988c0edc7efdca030b213130efbfdfac181e115d966e60fce6,2023-10-31,velat,asuntolaina,,-85500.0,velat,asuntolaina,,2,velat.csv,1.0,-85500.0,mkk,False,7d57ac69dcb59d988c0edc7efdca030b213130efbfdfac181e115d966e60fce6
7125830483e103ccdbe3a0af10f9c490cb7051e99363357f1f1bfde6d0107835,2023-11-30,velat,asuntolaina,,-85000.0,velat,asuntolaina,,2,velat.csv,1.0,-85000.0,mkk,False,7125830483e103ccdbe3a0af10f9c490cb7051e99363357f1f1bfde6d0107835
fb651b0f24f6d196dd3cbf2314fc0f9d385904d8fc39bc7feca3c322c7ba5c8c,2023-12-31,velat,asuntolaina,,-84500.0,velat,asuntolaina,,2,velat.csv,1.0,-84500.0,mkk,False,fb651b0f24f6d196dd3cbf2314fc0f9d385904d8fc39bc7feca3c322c7ba5c8c
19b881d99d694d1ebc7aeb8fbae5ed50cd6cdbe79187d2b64a33c83f766aa55f,2023-06-30,velat,asuntolaina,,-87500.0,velat,asuntolaina,,2,velat.csv,1.0,-87500.0,mkk,False,19b881d99d694d1ebc7aeb8fbae5ed50cd6cdbe79187d2b64a33c83f766aa55f
d959a14a59e3b7639a5e4edc95c0f466ce39d419595fc601f4061d2e1279b279,2023-04-30,velat,asuntolaina,,-88500.0,velat,asuntolaina,,2,velat.csv,1.0,-88500.0,mkk,False,d959a14a59e3b7639a5e4edc95c0f466ce39d419595fc601f4061d2e1279b279
3ef6886f4fce83d7965da3a5dfe0281c72a36baddd34e47d8193b8742eb184b8,2024-02-28,velat,asuntolaina,,-83500.0,velat,asuntolaina,,2,velat.csv,1.0,-83500.0,mkk,False,3ef6886f4fce83d7965da3a5dfe0281c72a36baddd34e47d8193b8742eb184b8
220f9fec8020a9857515efaf01f98a336c2a845cbc9b2830bf620a8b0f14155d,2023-02-28,velat,asuntolaina,,-89500.0,velat,asuntolaina,,2,velat.csv,1.0,-89500.0,mkk,False,220f9fec8020a9857515efaf01f98a336c2a845cbc9b2830bf620a8b0f14155d
7575256b21545b5911dc622c54f6dd0348ecd44f03f6d7330e9e609fe9a5f463,2023-01-31,velat,asuntolaina,,-90000.0,velat,asuntolaina,,2,velat.csv,1.0,-90000.0,mkk,False,7575256b21545b5911dc622c54f6dd0348ecd44f03f6d7330e9e609fe9a5f463
d796d583d5435b09fbba55ccd40214eb086ab3f18e8d1a4a05bc0e823413d290,2024-01-31,velat,asuntolaina,,-84000.0,velat,asuntolaina,,2,velat.csv,1.0,-84000.0,mkk,False,d796d583d5435b09fbba55ccd40214eb086ab3f18e8d1a4a05bc0e823413d290
0b20df0b26903fa3b1ec81497164358feb9931c5df27fc10ca17534a68aed850,2023-03-31,velat,asuntolaina,,-89000.0,velat,asuntolaina,,2,velat.csv,1.0,-89000.0,mkk,False,0b20df0b26903fa3b1ec81497164358feb9931c5df27fc10ca17534a68aed850
392461b829a1ef9bcb8681fece518b483bf02d81ed2d7f7c3389247548f33abc,2023-03-31,nordnet_salkkuraportti,iShares Core MSCI World UCITS ETF USD (Acc),Salkku 3,18456.37,varat,sijoitusvarallisuus,kasvusalkku,11,nordnet_salkkuraportti_preprocessed.csv,1.0,18456.37,mkk,False,392461b829a1ef9bcb8681fece518b483bf02d81ed2d7f7c3389247548f33abc
f2f8958f1bab4b7b234cbf6e3ce470735097452abfeece89c35367275385d304,2023-02-27,nordnet_salkkuraportti,iShares Core MSCI World UCITS ETF USD (Acc),Salkku 3,18489.97,varat,sijoitusvarallisuus,kasvusalkku,11,nordnet_salkkuraportti_preprocessed.csv,1.0,18489.97,mkk,False,f2f8958f1bab4b7b234cbf6e3ce470735097452abfeece89c35367275385d304
49ad63796366558756f84aa6e25626db80cf18b3a1bada424987b91e85c09304,2023-04-30,nordnet_salkkuraportti,iShares Core MSCI World UCITS ETF USD (Acc),Salkku 3,18504.26,varat,sijoitusvarallisuus,kasvusalkku,11,nordnet_salkkuraportti_preprocessed.csv,1.0,18504.26,mkk,False,49ad63796366558756f84aa6e25626db80cf18b3a1bada424987b91e85c09304
5d52df51f720dc3e96847835b1364aa026daf703b491679f14762235dee09c2a,2023-01-31,nordnet_salkkuraportti,iShares Core MSCI World UCITS ETF USD (Acc),Salkku 3,18313.61,varat,sijoitusvarallisuus,kasvusalkku,11,nordnet_salkkuraportti_preprocessed.csv,1.0,18313.61,mkk,False,5d52df51f720dc3e96847835b1364aa026daf703b491679f14762235dee09c2a
f33f956996518521444699a4ade65da95f36471710d8594909b32013824be9b2,2023-01-31,menot,käteisellä lapaset,,-500.0,menot,vaatteet,,13,menot.csv,1.0,-500.0,mkk,False,f33f956996518521444699a4ade65da95f36471710d8594909b32013824be9b2
3967cbbdce05f7bdcaaf8ef27494bea8339ea3d3c81422d1f6b7281f240500cc,2024-02-28,menot,maksoin yrityksen kuluja käteisellä,,-50.0,pois,yrityksen kulut,,17,menot.csv,1.0,-50.0,mkk,False,3967cbbdce05f7bdcaaf8ef27494bea8339ea3d3c81422d1f6b7281f240500cc
eed0adada9dc1d33e869936f7e0b980b57afa14c07d109ee84aeade94cbc1b5b,2023-02-28,menot,muuta,,-201.0,menot,muut,,24,menot.csv,1.0,-201.0,mkk,False,eed0adada9dc1d33e869936f7e0b980b57afa14c07d109ee84aeade94cbc1b5b
