transaction_row_id,date_current,description_current,info_current,amount_current,rule_id_current,owner_current,class_current,category_current,sub_category_current,change_description,change_reason
4e7c59828d9c15589cee5a9c2e4db1fb2fa9aee079f05a616258384e80802f8d,2023-09-30,Arbor Realty Trust,Salkku 1,8614.75,10,mkk,varat,sijoitusvarallisuus,osinkosalkku,This row is created with new id. No comparison can be done.,This happens when owner or any source data field information changes i.e. amount or description
7adc1d58a1ade0d76715e86c51a1692f980ff01762a8982090c8612a941afc92,2024-02-28,Arbor Realty Trust,Salkku 1,8239.58,10,mkk,varat,sijoitusvarallisuus,osinkosalkku,This row is created with new id. No comparison can be done.,This happens when owner or any source data field information changes i.e. amount or description
18463095f8c15638556d1537511f78d89f13e6e09b4ebacb3108fe2b216f6353,2023-11-30,Arbor Realty Trust,Salkku 1,6879.18,10,mkk,varat,sijoitusvarallisuus,osinkosalkku,This row is created with new id. No comparison can be done.,This happens when owner or any source data field information changes i.e. amount or description
61ef8211598e021d42bf2d1f82bc5b71574ce769525d1fdcd9959c58a236bcb1,2024-11-30,Arbor Realty Trust,Salkku 1,8239.58,10,mkk,varat,sijoitusvarallisuus,osinkosalkku,This row is created with new id. No comparison can be done.,This happens when owner or any source data field information changes i.e. amount or description
81cc4bb45123aee0cb2ee6ebcf2c968a49dd5362e693487ae6a193ad55935e21,2023-04-30,Arbor Realty Trust,Salkku 1,6245.23,10,mkk,varat,sijoitusvarallisuus,osinkosalkku,This row is created with new id. No comparison can be done.,This happens when owner or any source data field information changes i.e. amount or description
5346ab8439b2be8c1d0d4577b81b855d4800b90b80f322682fa6ee9904f23665,2023-06-30,Arbor Realty Trust,Salkku 1,8147.25,10,mkk,varat,sijoitusvarallisuus,osinkosalkku,This row is created with new id. No comparison can be done.,This happens when owner or any source data field information changes i.e. amount or description
3635d38408085ec959405c564badc7104a353d584b2207bc5c097b33314d60d3,2024-06-30,Arbor Realty Trust,Salkku 1,8239.58,10,mkk,varat,sijoitusvarallisuus,osinkosalkku,This row is created with new id. No comparison can be done.,This happens when owner or any source data field information changes i.e. amount or description
9c15f409506a36bdd05b372f6d8791556b01a41c66e17cf80559e2f953cc151b,2024-09-30,Arbor Realty Trust,Salkku 1,8239.58,10,mkk,varat,sijoitusvarallisuus,osinkosalkku,This row is created with new id. No comparison can be done.,This happens when owner or any source data field information changes i.e. amount or description
c7e7ba0a774f70cb96fa648d6cca27a6b2db6cbde6c9d027b571c41fd7034b9b,2023-01-31,Arbor Realty Trust,Salkku 1,8239.58,10,mkk,varat,sijoitusvarallisuus,osinkosalkku,This row is created with new id. No comparison can be done.,This happens when owner or any source data field information changes i.e. amount or description
89818180f6ca076da41c383013ec1e96c22ff78bb2c1db7b0b1e58bee1b44c56,2024-01-31,Arbor Realty Trust,Salkku 1,8239.58,10,mkk,varat,sijoitusvarallisuus,osinkosalkku,This row is created with new id. No comparison can be done.,This happens when owner or any source data field information changes i.e. amount or description
51b36695d9412b4bcd2326ddf73e0ed203535179e037d89c89ccfd691c51314c,2023-10-31,Arbor Realty Trust,Salkku 1,7155.15,10,mkk,varat,sijoitusvarallisuus,osinkosalkku,This row is created with new id. No comparison can be done.,This happens when owner or any source data field information changes i.e. amount or description
635c19979a7b97fc01cb88cbd39f12f69cac4487551fab16f337928ca8408300,2023-02-27,Arbor Realty Trust,Salkku 1,8552.46,10,mkk,varat,sijoitusvarallisuus,osinkosalkku,This row is created with new id. No comparison can be done.,This happens when owner or any source data field information changes i.e. amount or description
c17ed029966b49b9fca7082fb0adea6a64e95837b85c8d156c6022c42f5ac67c,2024-10-31,Arbor Realty Trust,Salkku 1,8239.58,10,mkk,varat,sijoitusvarallisuus,osinkosalkku,This row is created with new id. No comparison can be done.,This happens when owner or any source data field information changes i.e. amount or description
382076ddf0f183869b8e3e3c858f58a53a534e35a18e8a9f9a1f90b85447b9e2,2024-12-31,Arbor Realty Trust,Salkku 1,8239.58,10,mkk,varat,sijoitusvarallisuus,osinkosalkku,This row is created with new id. No comparison can be done.,This happens when owner or any source data field information changes i.e. amount or description
c1d5d4ddc4f451202826d8b0d3f7e0ab34a8a944da9c7c6f4921be758b9f7698,2023-03-31,Arbor Realty Trust,Salkku 1,6355.66,10,mkk,varat,sijoitusvarallisuus,osinkosalkku,This row is created with new id. No comparison can be done.,This happens when owner or any source data field information changes i.e. amount or description
293a7de3bea9a03c3cb8544230c043b392f1b402eff62faa48c49aa3a8fc7fb1,2024-03-31,Arbor Realty Trust,Salkku 1,8239.58,10,mkk,varat,sijoitusvarallisuus,osinkosalkku,This row is created with new id. No comparison can be done.,This happens when owner or any source data field information changes i.e. amount or description
48e48b21f3b9a5dc3edf53e87f6bcc14afabdcb2f6b920bd0704567f909e386d,2023-05-31,Arbor Realty Trust,Salkku 1,7080.47,10,mkk,varat,sijoitusvarallisuus,osinkosalkku,This row is created with new id. No comparison can be done.,This happens when owner or any source data field information changes i.e. amount or description
bce086b76184c8283eaa7f7e0874d3bd24aa11d2e75efd642898d6c04d707d19,2024-05-31,Arbor Realty Trust,Salkku 1,8239.58,10,mkk,varat,sijoitusvarallisuus,osinkosalkku,This row is created with new id. No comparison can be done.,This happens when owner or any source data field information changes i.e. amount or description
6abb34ee21d9c4debfe81b2cea0c9b2bdd2f56644ff7774f2228b17061bebfa4,2023-07-31,Arbor Realty Trust,Salkku 1,9227.57,10,mkk,varat,sijoitusvarallisuus,osinkosalkku,This row is created with new id. No comparison can be done.,This happens when owner or any source data field information changes i.e. amount or description
5711955e38a3e95c9e86f5d629a239d7d1c7933a360c4a632349c77db5e96b79,2024-07-31,Arbor Realty Trust,Salkku 1,8239.58,10,mkk,varat,sijoitusvarallisuus,osinkosalkku,This row is created with new id. No comparison can be done.,This happens when owner or any source data field information changes i.e. amount or description
ee45cd3beb16fb33a55887baef19a186f541a0ccdb8b28fb61f3da444463f454,2023-08-31,Arbor Realty Trust,Salkku 1,8830.95,10,mkk,varat,sijoitusvarallisuus,osinkosalkku,This row is created with new id. No comparison can be done.,This happens when owner or any source data field information changes i.e. amount or description
5540294ccf81fceb635a0f5e6577014789e8847d988caff71184349745d50ccf,2024-08-31,Arbor Realty Trust,Salkku 1,8239.58,10,mkk,varat,sijoitusvarallisuus,osinkosalkku,This row is created with new id. No comparison can be done.,This happens when owner or any source data field information changes i.e. amount or description
e94c3fcc98db249cc3ba1597e7e078d1d87c9a385335c24ec26f585aa9c02d12,,Arbor Realty Trust,Salkku 1,8239.58,10,mkk,varat,sijoitusvarallisuus,osinkosalkku,This row is created with new id. No comparison can be done.,This happens when owner or any source data field information changes i.e. amount or description
a7c0205bb602d312b786e75184860c0c397c79a6012bf8b5febf863acf2975d3,2023-12-31,Arbor Realty Trust,Salkku 1,8249.99,10,mkk,varat,sijoitusvarallisuus,osinkosalkku,This row is created with new id. No comparison can be done.,This happens when owner or any source data field information changes i.e. amount or description
350bb299739043b5e015d61e9db445065fc4ae233b65f2fcd5fc00710ac498b9,2023-03-03,Asuminen,Sähkö,-16.9,18,mkk,menot,asuminen,,This row is created with new id. No comparison can be done.,This happens when owner or any source data field information changes i.e. amount or description
334e76a0874de1c92bb834e961b93b148bc8aa9c9722ca81a3ce406a1e6ed294,2023-03-01,Asuminen,Vastike,-165.9,18,mkk,menot,asuminen,,This row is created with new id. No comparison can be done.,This happens when owner or any source data field information changes i.e. amount or description
b11830061cc1e4d87cf8ac0abbb4984d95e1e0bbd0da3d0b255b6de17af845ae,2023-03-01,Asuminen,Korko,-73.77,18,mkk,menot,asuminen,,This row is created with new id. No comparison can be done.,This happens when owner or any source data field information changes i.e. amount or description
4c3cb8860c1defa0bba70a494f94b2432dbade98e5037922a91256bcb0a788c4,2023-01-31,Asunto,,100000.0,1,mkk,varat,asunto,,This row is created with new id. No comparison can be done.,This happens when owner or any source data field information changes i.e. amount or description
b542f6322669298b0ea726a58471870218c17bb36bab1f6e5706f11130dc8635,2024-04-30,Asunto,,100000.0,1,mkk,varat,asunto,,This row is created with new id. No comparison can be done.,This happens when owner or any source data field information changes i.e. amount or description
cae9bf7dda4c7720bfd6b7094b58d18d9db7f5002d0b4f673685b992d7edcdfb,2024-03-31,Asunto,,100000.0,1,mkk,varat,asunto,,This row is created with new id. No comparison can be done.,This happens when owner or any source data field information changes i.e. amount or description
c4b9259d92f6ea8dc43308e253c6a1449d9b1bf9fc1525c48f5b820d20bcb083,2024-02-28,Asunto,,100000.0,1,mkk,varat,asunto,,This row is created with new id. No comparison can be done.,This happens when owner or any source data field information changes i.e. amount or description
7c014871c50b80e394742dc1c13ea69bddaefffee4d5938f985cb0fcd3da90d7,2024-06-30,Asunto,,100000.0,1,mkk,varat,asunto,,This row is created with new id. No comparison can be done.,This happens when owner or any source data field information changes i.e. amount or description
dce8caa7a0cfe691b98cc2c6667e376a98759881ef70d618170b611ccee5819d,2024-01-31,Asunto,,100000.0,1,mkk,varat,asunto,,This row is created with new id. No comparison can be done.,This happens when owner or any source data field information changes i.e. amount or description
57f3ff99c82eda69d04d1e7b5531438c890f8fecf5df7916cf19eda1e7398868,2023-12-31,Asunto,,100000.0,1,mkk,varat,asunto,,This row is created with new id. No comparison can be done.,This happens when owner or any source data field information changes i.e. amount or description
d02dd173c8a9a3032f61f575ad05a9935f71960490ddb12b329bdb2a601086ff,2023-11-30,Asunto,,100000.0,1,mkk,varat,asunto,,This row is created with new id. No comparison can be done.,This happens when owner or any source data field information changes i.e. amount or description
71a8ee7de91064dad35ce913cf1f3a229cf26977145d8eeb4d9736e74b00cee0,2024-07-31,Asunto,,100000.0,1,mkk,varat,asunto,,This row is created with new id. No comparison can be done.,This happens when owner or any source data field information changes i.e. amount or description
b6f67be2115436613f34d750ad42e093842be2c2279296f7b51af79fc7888921,2023-10-31,Asunto,,100000.0,1,mkk,varat,asunto,,This row is created with new id. No comparison can be done.,This happens when owner or any source data field information changes i.e. amount or description
134ff4a41cdb4d51edcfdcac862d710a66e555405d5d698cae086026660d0a64,2023-09-30,Asunto,,100000.0,1,mkk,varat,asunto,,This row is created with new id. No comparison can be done.,This happens when owner or any source data field information changes i.e. amount or description
d38c71338ef430403edc7b937c7600707ca7582f5c5b3fed361b0adf5b234332,2024-08-31,Asunto,,100000.0,1,mkk,varat,asunto,,This row is created with new id. No comparison can be done.,This happens when owner or any source data field information changes i.e. amount or description
d3e0ad5b8d0b9c834a14652957db4775697bd51686c81780bd0620fe45082c78,2023-08-31,Asunto,,100000.0,1,mkk,varat,asunto,,This row is created with new id. No comparison can be done.,This happens when owner or any source data field information changes i.e. amount or description
f25ad0be7a7426fea46c588b6257accdb1d29397f24d133470c7785be1a658a0,2023-07-31,Asunto,,100000.0,1,mkk,varat,asunto,,This row is created with new id. No comparison can be done.,This happens when owner or any source data field information changes i.e. amount or description
82c9379fe444a1c545cb9209f77fcc3abb54e67cbbc3e0a531845bae65eb0456,2024-09-30,Asunto,,100000.0,1,mkk,varat,asunto,,This row is created with new id. No comparison can be done.,This happens when owner or any source data field information changes i.e. amount or description
d83852ad3809e55c5f496f47351318e05f86726b8f8cd6c9b0164f4334ac6875,2024-05-31,Asunto,,100000.0,1,mkk,varat,asunto,,This row is created with new id. No comparison can be done.,This happens when owner or any source data field information changes i.e. amount or description
d2fc8618ff115b2a0848150465db4381d38e80f90783e6f3a4ce9fc366e1d1f0,2023-06-30,Asunto,,100000.0,1,mkk,varat,asunto,,This row is created with new id. No comparison can be done.,This happens when owner or any source data field information changes i.e. amount or description
2a46ffba67cb7ce71d7377c81ba748dc995a0bc105c62bd70d90d2f368c9bfdf,2024-12-31,Asunto,,100000.0,1,mkk,varat,asunto,,This row is created with new id. No comparison can be done.,This happens when owner or any source data field information changes i.e. amount or description
f975f671bcafebe7cf8eed7c88b0ef673722c1e1960205c954c8338a4250fa18,2023-04-30,Asunto,,100000.0,1,mkk,varat,asunto,,This row is created with new id. No comparison can be done.,This happens when owner or any source data field information changes i.e. amount or description
d53d387bdd977aba4565d055b766d90b5ebd2677e7db2703591083ae7f0ab428,2024-10-31,Asunto,,100000.0,1,mkk,varat,asunto,,This row is created with new id. No comparison can be done.,This happens when owner or any source data field information changes i.e. amount or description
2078cae9a2272f4f17c12be66b56e888f37deaad73aa13532108e9f6eab46361,2023-02-28,Asunto,,100000.0,1,mkk,varat,asunto,,This row is created with new id. No comparison can be done.,This happens when owner or any source data field information changes i.e. amount or description
228d0b53e29babcfb8e1b738aebcf3ff5b32b9fdab175a0ca051f7616b960ea4,2023-03-31,Asunto,,100000.0,1,mkk,varat,asunto,,This row is created with new id. No comparison can be done.,This happens when owner or any source data field information changes i.e. amount or description
74605a518d4bc1ca3b063b387f680c70bfce11e57ea907d7ba6b7bb2595f4753,2023-05-31,Asunto,,100000.0,1,mkk,varat,asunto,,This row is created with new id. No comparison can be done.,This happens when owner or any source data field information changes i.e. amount or description
26928c792d6508f0c0e92191197ed556f74c5066136fe8716c1221eedd1437b7,2024-11-30,Asunto,,100000.0,1,mkk,varat,asunto,,This row is created with new id. No comparison can be done.,This happens when owner or any source data field information changes i.e. amount or description
0838694f66fc961178c5576be9a10ebc036c4c6da205b3fb1d1c73326de8614d,2024-01-31,Bank Of Nova Scotia,Salkku 1,17428.91,10,mkk,varat,sijoitusvarallisuus,osinkosalkku,This row is created with new id. No comparison can be done.,This happens when owner or any source data field information changes i.e. amount or description
dfe41de54cffa25fc93ccac3df21c39882df79d61705c2a2093970d809807fce,2023-10-31,Bank Of Nova Scotia,Salkku 1,25456.68,10,mkk,varat,sijoitusvarallisuus,osinkosalkku,This row is created with new id. No comparison can be done.,This happens when owner or any source data field information changes i.e. amount or description
b1c0efb8d604888bb12b9d790b12e428efdb78cd0a97f804352b9855daff8220,2023-05-31,Bank Of Nova Scotia,Salkku 1,15819.42,10,mkk,varat,sijoitusvarallisuus,osinkosalkku,This row is created with new id. No comparison can be done.,This happens when owner or any source data field information changes i.e. amount or description
75291b36b90a66566475939304d287466e29a870eb391b900c63450a0d3d564d,2023-04-30,Bank Of Nova Scotia,Salkku 1,15858.1,10,mkk,varat,sijoitusvarallisuus,osinkosalkku,This row is created with new id. No comparison can be done.,This happens when owner or any source data field information changes i.e. amount or description
5013fa374119eab001629869b3e3ff977e98b861c2cb2b353527904ec636fee0,2024-02-28,Bank Of Nova Scotia,Salkku 1,17428.91,10,mkk,varat,sijoitusvarallisuus,osinkosalkku,This row is created with new id. No comparison can be done.,This happens when owner or any source data field information changes i.e. amount or description
48ad5f3dd6366c49aac59967c042f5fc05491f1e925cdded5985772214b93f99,2023-02-27,Bank Of Nova Scotia,Salkku 1,17372.94,10,mkk,varat,sijoitusvarallisuus,osinkosalkku,This row is created with new id. No comparison can be done.,This happens when owner or any source data field information changes i.e. amount or description
c0c7e1f5c88b8202e7005691493c02d58624ebde91be5529469855f23758d36b,2023-12-31,Bank Of Nova Scotia,Salkku 1,29314.14,10,mkk,varat,sijoitusvarallisuus,osinkosalkku,This row is created with new id. No comparison can be done.,This happens when owner or any source data field information changes i.e. amount or description
2ed71b14513df63504a75ad880079d5663362eb3310efb65b9d600b92d600337,2024-12-31,Bank Of Nova Scotia,Salkku 1,17428.91,10,mkk,varat,sijoitusvarallisuus,osinkosalkku,This row is created with new id. No comparison can be done.,This happens when owner or any source data field information changes i.e. amount or description
bc9e580e6fec67b8a90be3a1664a6aab8ce25d4d31dd2e4ded269ac1fd549879,2024-03-31,Bank Of Nova Scotia,Salkku 1,17428.91,10,mkk,varat,sijoitusvarallisuus,osinkosalkku,This row is created with new id. No comparison can be done.,This happens when owner or any source data field information changes i.e. amount or description
f5c7259afe9900eea8b3f4fa74fe4330969049b5c0432aec431aae0df5f8606b,2024-08-31,Bank Of Nova Scotia,Salkku 1,17428.91,10,mkk,varat,sijoitusvarallisuus,osinkosalkku,This row is created with new id. No comparison can be done.,This happens when owner or any source data field information changes i.e. amount or description
7b18f215f52a80ae41d43815094724af2ca3dde4b67c310a49d7ac777f31fd19,2024-10-31,Bank Of Nova Scotia,Salkku 1,17428.91,10,mkk,varat,sijoitusvarallisuus,osinkosalkku,This row is created with new id. No comparison can be done.,This happens when owner or any source data field information changes i.e. amount or description
053a27db851768803657c9b82224928b1a02ae08619119c80031b9876c7e4f2c,,Bank Of Nova Scotia,Salkku 1,17428.91,10,mkk,varat,sijoitusvarallisuus,osinkosalkku,This row is created with new id. No comparison can be done.,This happens when owner or any source data field information changes i.e. amount or description
95b7cd90509cbe9f9505d912edca8a989b9c49b383e68a0d09f61b4c87858a22,2023-01-31,Bank Of Nova Scotia,Salkku 1,17428.91,10,mkk,varat,sijoitusvarallisuus,osinkosalkku,This row is created with new id. No comparison can be done.,This happens when owner or any source data field information changes i.e. amount or description
8dd8f913d420d33a632c401066afefb2b93de7359afc72e16d928fdedd9bae6b,2024-09-30,Bank Of Nova Scotia,Salkku 1,17428.91,10,mkk,varat,sijoitusvarallisuus,osinkosalkku,This row is created with new id. No comparison can be done.,This happens when owner or any source data field information changes i.e. amount or description
f97a9f89f8391bbdaaa5647444fd0e8d87b1d3b5e90d7c7541c9a7fa32fa0968,2023-11-30,Bank Of Nova Scotia,Salkku 1,27330.59,10,mkk,varat,sijoitusvarallisuus,osinkosalkku,This row is created with new id. No comparison can be done.,This happens when owner or any source data field information changes i.e. amount or description
2058fda3568ab4395d1866045b1fcebbd6750daa893d2875417066a6dfa3a994,2023-08-31,Bank Of Nova Scotia,Salkku 1,29098.41,10,mkk,varat,sijoitusvarallisuus,osinkosalkku,This row is created with new id. No comparison can be done.,This happens when owner or any source data field information changes i.e. amount or description
6f4e5a814ba408709b9737e33d36d282a4333eeb875ea811e5648b1bccec4c2d,2023-09-30,Bank Of Nova Scotia,Salkku 1,28192.33,10,mkk,varat,sijoitusvarallisuus,osinkosalkku,This row is created with new id. No comparison can be done.,This happens when owner or any source data field information changes i.e. amount or description
4f6f16f990fabcadb9ba48b1f9826ebf97ffad282df55c1b819d9cc8e6b0d6e2,2023-03-31,Bank Of Nova Scotia,Salkku 1,16251.22,10,mkk,varat,sijoitusvarallisuus,osinkosalkku,This row is created with new id. No comparison can be done.,This happens when owner or any source data field information changes i.e. amount or description
26709d5246b8d22cb72877648ebbddef6bd57e7f80c7d8fae9defa3040f48ba4,2023-07-31,Bank Of Nova Scotia,Salkku 1,30456.51,10,mkk,varat,sijoitusvarallisuus,osinkosalkku,This row is created with new id. No comparison can be done.,This happens when owner or any source data field information changes i.e. amount or description
db04e04e9220336b05716d80bc1db77dc80d6c5390afba98b9cdc1dccb7cf9ff,2024-05-31,Bank Of Nova Scotia,Salkku 1,17428.91,10,mkk,varat,sijoitusvarallisuus,osinkosalkku,This row is created with new id. No comparison can be done.,This happens when owner or any source data field information changes i.e. amount or description
61b2cc10548d0c342214f2552c93e3dafd39585d38f83ee402a65610f3a7430f,2024-06-30,Bank Of Nova Scotia,Salkku 1,17428.91,10,mkk,varat,sijoitusvarallisuus,osinkosalkku,This row is created with new id. No comparison can be done.,This happens when owner or any source data field information changes i.e. amount or description
91bc4e30d7913bae2505f765292888ff48eeacc6de6f0d8ddd6f26bf8600ca92,2024-07-31,Bank Of Nova Scotia,Salkku 1,17428.91,10,mkk,varat,sijoitusvarallisuus,osinkosalkku,This row is created with new id. No comparison can be done.,This happens when owner or any source data field information changes i.e. amount or description
da39b28a553cb1c3707d536c8455e88d4540038054bce5e9591a2f42f0a5c33b,2024-11-30,Bank Of Nova Scotia,Salkku 1,17428.91,10,mkk,varat,sijoitusvarallisuus,osinkosalkku,This row is created with new id. No comparison can be done.,This happens when owner or any source data field information changes i.e. amount or description
64f7698968724f19439366d9fbb947d7f795e98aac84cfe8d39267aed66ea61c,2023-06-30,Bank Of Nova Scotia,Salkku 1,16046.62,10,mkk,varat,sijoitusvarallisuus,osinkosalkku,This row is created with new id. No comparison can be done.,This happens when owner or any source data field information changes i.e. amount or description
3540aefd675bef4970ffa11b111984546c13cc41e43bdf0d5680dad8a82132bc,2023-05-31,CubeSmart,Salkku 1,6654.11,10,mkk,varat,sijoitusvarallisuus,osinkosalkku,This row is created with new id. No comparison can be done.,This happens when owner or any source data field information changes i.e. amount or description
59f73aadfe5874a8c648433f3656d4cc6f59993ffafb2487d0f3ebda5ed23828,2024-07-31,CubeSmart,Salkku 1,6738.83,10,mkk,varat,sijoitusvarallisuus,osinkosalkku,This row is created with new id. No comparison can be done.,This happens when owner or any source data field information changes i.e. amount or description
ca83e315e80f40fcede6c395e5e7851c6e552a7365b963178f5dd5c37d1cbae5,2024-08-31,CubeSmart,Salkku 1,6738.83,10,mkk,varat,sijoitusvarallisuus,osinkosalkku,This row is created with new id. No comparison can be done.,This happens when owner or any source data field information changes i.e. amount or description
a4e859680c71aaefa7dc80fc53b40ee8584b032270bb634d94131ec62790d606,2023-07-31,CubeSmart,Salkku 1,6309.6,10,mkk,varat,sijoitusvarallisuus,osinkosalkku,This row is created with new id. No comparison can be done.,This happens when owner or any source data field information changes i.e. amount or description
5622c6201435e635e3428bbff09a5f48204f2ea38241bacd8038ded5dfb3aa9b,2024-05-31,CubeSmart,Salkku 1,6738.83,10,mkk,varat,sijoitusvarallisuus,osinkosalkku,This row is created with new id. No comparison can be done.,This happens when owner or any source data field information changes i.e. amount or description
d84b909bc4a14fe0db22cd19b38d9e1393353215e702659a3576d09147913aa7,2024-03-31,CubeSmart,Salkku 1,6738.83,10,mkk,varat,sijoitusvarallisuus,osinkosalkku,This row is created with new id. No comparison can be done.,This happens when owner or any source data field information changes i.e. amount or description
d35498e25c4d51a2d578025e3d6cb0f6a03fbf113d9d6e4104ac3f74d0eb0817,2023-08-31,CubeSmart,Salkku 1,6154.36,10,mkk,varat,sijoitusvarallisuus,osinkosalkku,This row is created with new id. No comparison can be done.,This happens when owner or any source data field information changes i.e. amount or description
0a3539d2b70b4ee5d050db34ea0e1ad1c1bd584747e9c8addbebe5abb22e48a4,2024-01-31,CubeSmart,Salkku 1,6738.83,10,mkk,varat,sijoitusvarallisuus,osinkosalkku,This row is created with new id. No comparison can be done.,This happens when owner or any source data field information changes i.e. amount or description
bc3781a8466e28f23e44773515646baa21960b4cfa7e2d717744b1bb9d764c80,2023-06-30,CubeSmart,Salkku 1,6547.12,10,mkk,varat,sijoitusvarallisuus,osinkosalkku,This row is created with new id. No comparison can be done.,This happens when owner or any source data field information changes i.e. amount or description
5f6df939b73c01ce95aebab8a3431430cae6cc79594d34b2371c00141e6c6af6,2023-02-27,CubeSmart,Salkku 1,7034.91,10,mkk,varat,sijoitusvarallisuus,osinkosalkku,This row is created with new id. No comparison can be done.,This happens when owner or any source data field information changes i.e. amount or description
b3d42b538a64b5f44ad130c26e283d5e395ab53520f68d2417285955b4b8fd62,2024-02-28,CubeSmart,Salkku 1,6738.83,10,mkk,varat,sijoitusvarallisuus,osinkosalkku,This row is created with new id. No comparison can be done.,This happens when owner or any source data field information changes i.e. amount or description
e5899e3d691e69c68db801227bb770135878dacd8d7f9fc7c1492b29e1acda90,2023-11-30,CubeSmart,Salkku 1,11323.45,10,mkk,varat,sijoitusvarallisuus,osinkosalkku,This row is created with new id. No comparison can be done.,This happens when owner or any source data field information changes i.e. amount or description
6aaf70ab4f2c63f77903ad928a2d965996d98ac07d40eb83c8cd0321337465e3,2024-11-30,CubeSmart,Salkku 1,6738.83,10,mkk,varat,sijoitusvarallisuus,osinkosalkku,This row is created with new id. No comparison can be done.,This happens when owner or any source data field information changes i.e. amount or description
71b099c64470dcf0ae9219f3afbfeeb566bd37bb2fb499aab920626b5e773cef,2023-04-30,CubeSmart,Salkku 1,6604.95,10,mkk,varat,sijoitusvarallisuus,osinkosalkku,This row is created with new id. No comparison can be done.,This happens when owner or any source data field information changes i.e. amount or description
de6362850ffdf1d4c85e3c6c0d3fc2ce17b2ed94835b0469fb62a3db2f8fca48,2024-06-30,CubeSmart,Salkku 1,6738.83,10,mkk,varat,sijoitusvarallisuus,osinkosalkku,This row is created with new id. No comparison can be done.,This happens when owner or any source data field information changes i.e. amount or description
9b95d2a00ec6119725c4fdbdd8033790b65b19e3cea4f51a75b074a641fca0f0,2023-09-30,CubeSmart,Salkku 1,5770.41,10,mkk,varat,sijoitusvarallisuus,osinkosalkku,This row is created with new id. No comparison can be done.,This happens when owner or any source data field information changes i.e. amount or description
d6c1b959db85f3688f5830c8ce56c7ef2f8eb2798f6e33d9ffe1a119d932dd17,2024-09-30,CubeSmart,Salkku 1,6738.83,10,mkk,varat,sijoitusvarallisuus,osinkosalkku,This row is created with new id. No comparison can be done.,This happens when owner or any source data field information changes i.e. amount or description
40cdb35c12d6a07b5c505d2188dfeb6c94a828f83b96dcb57cd50c526a3c0801,,CubeSmart,Salkku 1,6738.83,10,mkk,varat,sijoitusvarallisuus,osinkosalkku,This row is created with new id. No comparison can be done.,This happens when owner or any source data field information changes i.e. amount or description
78e039c246d7f0bb1a093a0b6284d2cf481dd04472aec07a4eea9fd39560cd17,2023-10-31,CubeSmart,Salkku 1,5158.22,10,mkk,varat,sijoitusvarallisuus,osinkosalkku,This row is created with new id. No comparison can be done.,This happens when owner or any source data field information changes i.e. amount or description
7aee62c234740d435f11ea0ccc34c3a6082c43adbfeb9f6c113d024dc06bf44d,2024-10-31,CubeSmart,Salkku 1,6738.83,10,mkk,varat,sijoitusvarallisuus,osinkosalkku,This row is created with new id. No comparison can be done.,This happens when owner or any source data field information changes i.e. amount or description
b95c0c530190d5a8421887a948904d9fff8ce36b2802c0accfd14fe11f65407c,2023-12-31,CubeSmart,Salkku 1,13014.93,10,mkk,varat,sijoitusvarallisuus,osinkosalkku,This row is created with new id. No comparison can be done.,This happens when owner or any source data field information changes i.e. amount or description
0db2e370e05ff6e42a58fae50674c2e5c55555911b08655cdf865e4df51a9e71,2024-12-31,CubeSmart,Salkku 1,6738.83,10,mkk,varat,sijoitusvarallisuus,osinkosalkku,This row is created with new id. No comparison can be done.,This happens when owner or any source data field information changes i.e. amount or description
585557925e88470518e9977e6147079ddec63782395a38d5d6d8aa5a595b0b54,2023-03-31,CubeSmart,Salkku 1,6817.72,10,mkk,varat,sijoitusvarallisuus,osinkosalkku,This row is created with new id. No comparison can be done.,This happens when owner or any source data field information changes i.e. amount or description
98a101cc03a271c902715d8f0118be1205a75ce1ca99dc406a79ec780cb91447,2023-01-31,CubeSmart,Salkku 1,6738.83,10,mkk,varat,sijoitusvarallisuus,osinkosalkku,This row is created with new id. No comparison can be done.,This happens when owner or any source data field information changes i.e. amount or description
687afa30a70a44470d6d8b5439be88d8115099c00aab7d0053a3fa51127327f9,2023-03-29,Kahvittelu,Pulla,-3.5,19,mkk,menot,ruoka,välipalat,This row is created with new id. No comparison can be done.,This happens when owner or any source data field information changes i.e. amount or description
fc9b6faa5abe789e3d61f9cabdf8891b603aefc2234e49355ffc58930a4bca7d,2023-03-29,Liikenne,Bussi,-3.1,20,mkk,menot,liikkuminen,,This row is created with new id. No comparison can be done.,This happens when owner or any source data field information changes i.e. amount or description
305af4bb02e93155b14ad17862313dc8038c5352c902e90dec16f93aec65ea34,2023-03-28,Liikenne,Juna,-19.1,20,mkk,menot,liikkuminen,,This row is created with new id. No comparison can be done.,This happens when owner or any source data field information changes i.e. amount or description
02fa96ddbfa4055890481e2c46cac722f9d65d94031ed00adad5cc936b30f4cc,2023-03-11,Liikenne,Juna,-13.4,20,mkk,menot,liikkuminen,,This row is created with new id. No comparison can be done.,This happens when owner or any source data field information changes i.e. amount or description
84c3868f2e25a710c4149df03a8b05cdad2dc6c5c95ce6b3c23385ed51b7d7d4,2023-01-31,Likvidit varat,Salkku 3,1692.41,11,mkk,varat,sijoitusvarallisuus,kasvusalkku,This row is created with new id. No comparison can be done.,This happens when owner or any source data field information changes i.e. amount or description
b48c372d6541faf3784761ef011c79d14388f09c44a2573ea9dae8dce6222b38,2023-03-31,Likvidit varat,Salkku 3,1692.41,11,mkk,varat,sijoitusvarallisuus,kasvusalkku,This row is created with new id. No comparison can be done.,This happens when owner or any source data field information changes i.e. amount or description
f63e90c9c1f12f31140e29d1f73d1538b47843c64a989d6fa240d4a20066cf69,2023-04-30,Likvidit varat,Salkku 3,1692.41,11,mkk,varat,sijoitusvarallisuus,kasvusalkku,This row is created with new id. No comparison can be done.,This happens when owner or any source data field information changes i.e. amount or description
b772db50e456ed789e7cf354768e0c6bd4483a2373636a8279efd9b5fa8b812a,2023-02-27,Likvidit varat,Salkku 3,1692.41,11,mkk,varat,sijoitusvarallisuus,kasvusalkku,This row is created with new id. No comparison can be done.,This happens when owner or any source data field information changes i.e. amount or description
b613d6623d669d1987123206277a000a71329f25519fa2e6cf47030cbe6e459a,2023-03-14,Muut,,-25.0,24,mkk,menot,muut,,This row is created with new id. No comparison can be done.,This happens when owner or any source data field information changes i.e. amount or description
e6b87237c8dc3dd42529a1cb78c2befd2229a06437f4811a38b2a7b5b7424435,2023-12-01,Netflix,MEMBER ORGANIZATIONS - DEF,-11.65,3,mkk,menot,media,suoratoisto,This row is created with new id. No comparison can be done.,This happens when owner or any source data field information changes i.e. amount or description
4d253e424200a8e374b4b43d3aa3f7f67c2be99f4cee8f3ba37ac9afaeef2a14,2023-11-01,Netflix,MEMBER ORGANIZATIONS - DEF,-11.65,3,mkk,menot,media,suoratoisto,This row is created with new id. No comparison can be done.,This happens when owner or any source data field information changes i.e. amount or description
01b9f5b63493bd095772bff6a2445826cabaf90c8cb229c7daa730becd657dd3,2023-06-04,Netflix,MEMBER ORGANIZATIONS - DEF,-11.65,3,mkk,menot,media,suoratoisto,This row is created with new id. No comparison can be done.,This happens when owner or any source data field information changes i.e. amount or description
ba2533c8fd17f98df7096ca811a8290782073bd904f05640d909cd7adf585b2c,2023-04-05,Netflix,MEMBER ORGANIZATIONS - DEF,-11.65,3,mkk,menot,media,suoratoisto,This row is created with new id. No comparison can be done.,This happens when owner or any source data field information changes i.e. amount or description
32bfcc6029d741c56f3e9650dccc7d18dbbf4d99fa23832ea2e830d4f6dc6ab0,2023-03-06,Netflix,MEMBER ORGANIZATIONS - DEF,-11.65,3,mkk,menot,media,suoratoisto,This row is created with new id. No comparison can be done.,This happens when owner or any source data field information changes i.e. amount or description
43f536c81d48f5bd616c225c4c31e03e89d1dd412f8ea6d5e3d813b3b2983c6c,2023-02-04,Netflix,MEMBER ORGANIZATIONS - DEF,-11.65,3,mkk,menot,media,suoratoisto,This row is created with new id. No comparison can be done.,This happens when owner or any source data field information changes i.e. amount or description
a3fb8469c1ee7398a6f46346f329aef43d1153871f10514918958be0704eaed8,2023-07-04,Netflix,MEMBER ORGANIZATIONS - DEF,-11.65,3,mkk,menot,media,suoratoisto,This row is created with new id. No comparison can be done.,This happens when owner or any source data field information changes i.e. amount or description
c6f427ffdc1ce3ffdf99ccd66e623a33c7aadc71706e83b96a5ec9cdfb3ee8ff,2023-08-03,Netflix,MEMBER ORGANIZATIONS - DEF,-11.65,3,mkk,menot,media,suoratoisto,This row is created with new id. No comparison can be done.,This happens when owner or any source data field information changes i.e. amount or description
256be523047c6ff1965a1c5dc762b6fd62942f2c37275549d49bcd42f1baf417,2023-01-05,Netflix,MEMBER ORGANIZATIONS - DEF,-11.65,3,mkk,menot,media,suoratoisto,This row is created with new id. No comparison can be done.,This happens when owner or any source data field information changes i.e. amount or description
0840f8d74ff11324ccc8b1993a7a9ac9010c60d82174324c64ba8867f54c6b92,2023-05-05,Netflix,MEMBER ORGANIZATIONS - DEF,-11.65,3,mkk,menot,media,suoratoisto,This row is created with new id. No comparison can be done.,This happens when owner or any source data field information changes i.e. amount or description
74b228a5c2d47f948bdeededb6191e6e1e95690fee27e9e99ab8a66f3845592d,2023-10-02,Netflix,MEMBER ORGANIZATIONS - DEF,-11.65,3,mkk,menot,media,suoratoisto,This row is created with new id. No comparison can be done.,This happens when owner or any source data field information changes i.e. amount or description
2b9b6fce2d8d04633ce9b03077d3540609670c3dbb8a2c3aeba48b5559ee3bf9,2023-09-02,Netflix,MEMBER ORGANIZATIONS - DEF,-11.65,3,mkk,menot,media,suoratoisto,This row is created with new id. No comparison can be done.,This happens when owner or any source data field information changes i.e. amount or description
e7f703d9c96ac4789089a029b9f1806a6e89076acf243d7e1a9dd2d1a7947dfe,2023-11-30,Nordean sijoitukset,,22934.0,7,mkk,varat,sijoitusvarallisuus,osakkeet,This row is created with new id. No comparison can be done.,This happens when owner or any source data field information changes i.e. amount or description
a4a8ad18937ec63f96feaafd29905ba37ce3a35c187c34ea22373cbdbea01a04,2023-10-31,Nordean sijoitukset,,21624.0,7,mkk,varat,sijoitusvarallisuus,osakkeet,This row is created with new id. No comparison can be done.,This happens when owner or any source data field information changes i.e. amount or description
2bf7396071e23a97840c10316856a231c8a6333c1c5b02bbaa24ad2f65f30dcd,2024-09-30,Nordean sijoitukset,,20145.0,7,mkk,varat,sijoitusvarallisuus,osakkeet,This row is created with new id. No comparison can be done.,This happens when owner or any source data field information changes i.e. amount or description
b32373cecc93bf19a5a5b22764afd4998394e589c13885abc1befaaf0624e5b4,2023-09-30,Nordean sijoitukset,,20145.0,7,mkk,varat,sijoitusvarallisuus,osakkeet,This row is created with new id. No comparison can be done.,This happens when owner or any source data field information changes i.e. amount or description
3bd5ef225a984203f0e83ee7b9a9ff22a6eca9171a04c479cb5d7d3f8878bc82,2023-08-31,Nordean sijoitukset,,18713.0,7,mkk,varat,sijoitusvarallisuus,osakkeet,This row is created with new id. No comparison can be done.,This happens when owner or any source data field information changes i.e. amount or description
f60918f304b04b6cd20eb1acbb43f97c020638bbf5885e834e04457ef99fd278,2024-11-30,Nordean sijoitukset,,22934.0,7,mkk,varat,sijoitusvarallisuus,osakkeet,This row is created with new id. No comparison can be done.,This happens when owner or any source data field information changes i.e. amount or description
89ba3fe06816e5da04a727d0d3653c21e7a9568c5211a9ab0a99c5a595e59e99,2024-08-31,Nordean sijoitukset,,18713.0,7,mkk,varat,sijoitusvarallisuus,osakkeet,This row is created with new id. No comparison can be done.,This happens when owner or any source data field information changes i.e. amount or description
637f6b71a2e017ddbb76b2b845a7eca07e2673cc02a35d4d256c2e65c8bab61a,2023-07-31,Nordean sijoitukset,,18019.0,7,mkk,varat,sijoitusvarallisuus,osakkeet,This row is created with new id. No comparison can be done.,This happens when owner or any source data field information changes i.e. amount or description
7242edcd9af4d14e27c386a7e1ac096317f4350aa8454c928fd33c5d0645eefe,2024-05-31,Nordean sijoitukset,,15228.0,7,mkk,varat,sijoitusvarallisuus,osakkeet,This row is created with new id. No comparison can be done.,This happens when owner or any source data field information changes i.e. amount or description
22eab7b8269c6daa1d83d0709861d8b7058b81888a1e679dc16b976271b5b28a,2023-05-31,Nordean sijoitukset,,15228.0,7,mkk,varat,sijoitusvarallisuus,osakkeet,This row is created with new id. No comparison can be done.,This happens when owner or any source data field information changes i.e. amount or description
c33e278be9fcedbbe00718d076b9240617252d16ce69d8839e61d186405ae428,2023-04-30,Nordean sijoitukset,,13954.0,7,mkk,varat,sijoitusvarallisuus,osakkeet,This row is created with new id. No comparison can be done.,This happens when owner or any source data field information changes i.e. amount or description
1888ed4a441fc1596bb6df0755365cd740b6b9a4615c92bee2bec540263a4db4,2024-10-31,Nordean sijoitukset,,21624.0,7,mkk,varat,sijoitusvarallisuus,osakkeet,This row is created with new id. No comparison can be done.,This happens when owner or any source data field information changes i.e. amount or description
9196bd276475a23a2ee5ffc9fb609ed7a3e58ffa38e7ae8c4a509ae7cd645e14,2023-03-31,Nordean sijoitukset,,12471.0,7,mkk,varat,sijoitusvarallisuus,osakkeet,This row is created with new id. No comparison can be done.,This happens when owner or any source data field information changes i.e. amount or description
f547ad8871dcb425d866dc0e232cd558b6199c6f2446745a08ca5c77d376b81b,2023-02-28,Nordean sijoitukset,,11085.0,7,mkk,varat,sijoitusvarallisuus,osakkeet,This row is created with new id. No comparison can be done.,This happens when owner or any source data field information changes i.e. amount or description
3b3007a6222f234fd9bf6aa73694b386cb44b9d7cde054f1236d5a89eaa396b6,2023-01-31,Nordean sijoitukset,,10000.0,7,mkk,varat,sijoitusvarallisuus,osakkeet,This row is created with new id. No comparison can be done.,This happens when owner or any source data field information changes i.e. amount or description
4ef1e0ae7728fee7b6ca0314514614b4f3973768470a2df89fb2abf2af59fd8e,2024-03-31,Nordean sijoitukset,,12471.0,7,mkk,varat,sijoitusvarallisuus,osakkeet,This row is created with new id. No comparison can be done.,This happens when owner or any source data field information changes i.e. amount or description
be5b398172b30b568a0d473c488522ca4f83fedad1fd4debb9bed04565c4ef33,2024-07-31,Nordean sijoitukset,,18019.0,7,mkk,varat,sijoitusvarallisuus,osakkeet,This row is created with new id. No comparison can be done.,This happens when owner or any source data field information changes i.e. amount or description
3879a7abae788e3ca4a9b06742524b34ee6d4cb58415716c2df0e81d576348de,2024-04-30,Nordean sijoitukset,,13954.0,7,mkk,varat,sijoitusvarallisuus,osakkeet,This row is created with new id. No comparison can be done.,This happens when owner or any source data field information changes i.e. amount or description
4f9ecc6351c01332dd9c0c64ff6df405f9c7346f1d7fa2c90777d32cee9b4dd4,2024-06-30,Nordean sijoitukset,,16529.0,7,mkk,varat,sijoitusvarallisuus,osakkeet,This row is created with new id. No comparison can be done.,This happens when owner or any source data field information changes i.e. amount or description
a22ad8dc06e46daba8f1b4ee83aca1234602d9bc060e3a217c891841a73ebe9c,2023-06-30,Nordean sijoitukset,,16529.0,7,mkk,varat,sijoitusvarallisuus,osakkeet,This row is created with new id. No comparison can be done.,This happens when owner or any source data field information changes i.e. amount or description
b60b5c40e54a19f4e72434abd3cabd2005319feda309aca121b6ad4231975c3b,2024-02-28,Nordean sijoitukset,,22893.0,7,mkk,varat,sijoitusvarallisuus,osakkeet,This row is created with new id. No comparison can be done.,This happens when owner or any source data field information changes i.e. amount or description
6e89a2637eaaa2f3bfa65a8f70846e9fad2d36334d46003589a3e3d14dac3d7d,2024-12-31,Nordean sijoitukset,,23593.0,7,mkk,varat,sijoitusvarallisuus,osakkeet,This row is created with new id. No comparison can be done.,This happens when owner or any source data field information changes i.e. amount or description
445b9b313f588db2994375be56c694f3eb89f82f52a3fd7659acc5a7fafc01db,2024-01-31,Nordean sijoitukset,,23893.0,7,mkk,varat,sijoitusvarallisuus,osakkeet,This row is created with new id. No comparison can be done.,This happens when owner or any source data field information changes i.e. amount or description
8ddc8a95330a63a542dc4c8c5c1849708f022d84b686cf737042e9e3aa7db14f,2023-12-31,Nordean sijoitukset,,23593.0,7,mkk,varat,sijoitusvarallisuus,osakkeet,This row is created with new id. No comparison can be done.,This happens when owner or any source data field information changes i.e. amount or description
5ee65c18e8e29e5d70cf03657387bfac02dd2113aaedc325b98f66cd851c1c52,2023-05-16,O,ENNAKKOPIDÄTYS,-13.36,15,mkk,tulot,pääomatulot,osinkotulot,This row is created with new id. No comparison can be done.,This happens when owner or any source data field information changes i.e. amount or description
aa96d328c3aee24a35c95b1dfb94ae36f4817b9e18ed6cf2a36d7b5a80e7be4d,2023-05-16,O,OSINKO,89.05,15,mkk,tulot,pääomatulot,osinkotulot,This row is created with new id. No comparison can be done.,This happens when owner or any source data field information changes i.e. amount or description
1040b9bf6fd08811e72b07ae404a69128050d8dbb5371f4774ff8065a4032121,2023-04-17,O,ENNAKKOPIDÄTYS,-13.22,15,mkk,tulot,pääomatulot,osinkotulot,This row is created with new id. No comparison can be done.,This happens when owner or any source data field information changes i.e. amount or description
3a8eb123fade1fca52a4c2aa9841a381ef2f1cad44f95b508f7072a19614acdf,2023-04-17,O,OSINKO,88.11,15,mkk,tulot,pääomatulot,osinkotulot,This row is created with new id. No comparison can be done.,This happens when owner or any source data field information changes i.e. amount or description
e5426e419fc5ed2064a5f256e1502952656cf9ab710cad42951ef5698bdba926,2023-03-16,O,ENNAKKOPIDÄTYS,-13.66,15,mkk,tulot,pääomatulot,osinkotulot,This row is created with new id. No comparison can be done.,This happens when owner or any source data field information changes i.e. amount or description
5c0e11e8644a78e7ab23d2c8b10332d7a9a0a1a6290750386a315205715570c7,2023-03-16,O,OSINKO,91.05,15,mkk,tulot,pääomatulot,osinkotulot,This row is created with new id. No comparison can be done.,This happens when owner or any source data field information changes i.e. amount or description
a96d480c0dddc4c620d35871512e00d944b8a2e741b5a1e3f11d405de08eb0db,2023-02-16,O,ENNAKKOPIDÄTYS,-13.22,15,mkk,tulot,pääomatulot,osinkotulot,This row is created with new id. No comparison can be done.,This happens when owner or any source data field information changes i.e. amount or description
5727cb9287682ea889c0dc3cd9f36fc89a5ca93c8b0138afc7b8faea8456f537,2023-02-16,O,OSINKO,88.13,15,mkk,tulot,pääomatulot,osinkotulot,This row is created with new id. No comparison can be done.,This happens when owner or any source data field information changes i.e. amount or description
00a60fb5824a9c5c3a12c0a13d6239c1a72f92b96edbc1454e16b2f729806d0b,2023-01-16,O,ENNAKKOPIDÄTYS,-13.1,15,mkk,tulot,pääomatulot,osinkotulot,This row is created with new id. No comparison can be done.,This happens when owner or any source data field information changes i.e. amount or description
82b9f56090449659442f74d437bb684b061cad449abc24b98d08fb66f708f23d,2023-01-16,O,OSINKO,87.35,15,mkk,tulot,pääomatulot,osinkotulot,This row is created with new id. No comparison can be done.,This happens when owner or any source data field information changes i.e. amount or description
2aec10778bdf537f3657cfee3fcec7309e92018e33d01615fd4bee9af2992e05,2024-02-16,O,ENNAKKOPIDÄTYS,-13.22,15,mkk,tulot,pääomatulot,osinkotulot,This row is created with new id. No comparison can be done.,This happens when owner or any source data field information changes i.e. amount or description
138d3c5cae4347d1f51448be68c7678aef937e976b384ed1a4bae5483f593057,2024-02-16,O,OSINKO,88.13,15,mkk,tulot,pääomatulot,osinkotulot,This row is created with new id. No comparison can be done.,This happens when owner or any source data field information changes i.e. amount or description
1dfd612abdec49dc261a1617e6b2cb476880865a7ca5b6966446abf261c3d7e5,2023-06-16,O,ENNAKKOPIDÄTYS,-13.28,15,mkk,tulot,pääomatulot,osinkotulot,This row is created with new id. No comparison can be done.,This happens when owner or any source data field information changes i.e. amount or description
28356a2cc5b43516636fa2f83d78afcc4ff8afb216d94eff39890d0deb3cc0f8,2024-01-16,O,ENNAKKOPIDÄTYS,-13.1,15,mkk,tulot,pääomatulot,osinkotulot,This row is created with new id. No comparison can be done.,This happens when owner or any source data field information changes i.e. amount or description
498a3701770c29e43193b7a9c4bf997529f376143c9ba8e682f96eca48d954d5,2024-06-16,O,ENNAKKOPIDÄTYS,-13.28,15,mkk,tulot,pääomatulot,osinkotulot,This row is created with new id. No comparison can be done.,This happens when owner or any source data field information changes i.e. amount or description
057cc59ca1b468a4f766a526375ab3cb45e063eb100462dd56093480d0d54f4f,2024-06-16,O,OSINKO,88.56,15,mkk,tulot,pääomatulot,osinkotulot,This row is created with new id. No comparison can be done.,This happens when owner or any source data field information changes i.e. amount or description
9a426117de6134a7fc1ffab5663244e0fcfe1b274d4e1e390a02feede120649b,2024-05-16,O,ENNAKKOPIDÄTYS,-13.36,15,mkk,tulot,pääomatulot,osinkotulot,This row is created with new id. No comparison can be done.,This happens when owner or any source data field information changes i.e. amount or description
2fadb60983c1ea921fed3f8318b2cb32dc1b52c55e1cc04f6d1b2615f7f24f69,2024-05-16,O,OSINKO,89.05,15,mkk,tulot,pääomatulot,osinkotulot,This row is created with new id. No comparison can be done.,This happens when owner or any source data field information changes i.e. amount or description
015157bd917f17da6d7d07a4ecef3e42f7823af0e71a89a1ca5faca86e640333,2024-04-17,O,ENNAKKOPIDÄTYS,-13.22,15,mkk,tulot,pääomatulot,osinkotulot,This row is created with new id. No comparison can be done.,This happens when owner or any source data field information changes i.e. amount or description
9160520dfdbb544f8b6efcc9050b73e2b810d21c4f3c85bb5a18f16537a9e347,2024-04-17,O,OSINKO,88.11,15,mkk,tulot,pääomatulot,osinkotulot,This row is created with new id. No comparison can be done.,This happens when owner or any source data field information changes i.e. amount or description
7e4296585d582e80db73ea3d121e64e7c8b81558f950f0e9e17076ec684a948a,2024-03-16,O,ENNAKKOPIDÄTYS,-13.66,15,mkk,tulot,pääomatulot,osinkotulot,This row is created with new id. No comparison can be done.,This happens when owner or any source data field information changes i.e. amount or description
79daf2fec9606432a0ea4059105394417585b247802c792c3b2a832c7fdc5541,2024-03-16,O,OSINKO,91.05,15,mkk,tulot,pääomatulot,osinkotulot,This row is created with new id. No comparison can be done.,This happens when owner or any source data field information changes i.e. amount or description
0384fa1eba25f94a2c10956f2ee952c851dd3d033b6faa4a12a3e18be292a45f,2024-07-16,O,ENNAKKOPIDÄTYS,-13.22,15,mkk,tulot,pääomatulot,osinkotulot,This row is created with new id. No comparison can be done.,This happens when owner or any source data field information changes i.e. amount or description
0134db823424c1a6ce395d0e100f253f82e4f39e4fb5815e3280e6a1bd563c29,2024-07-16,O,OSINKO,88.13,15,mkk,tulot,pääomatulot,osinkotulot,This row is created with new id. No comparison can be done.,This happens when owner or any source data field information changes i.e. amount or description
2c339b52aeab741bcc8ada5e3add1ed0f8cade11a80c1f8b3e3184e03cc930d3,2024-01-16,O,OSINKO,87.35,15,mkk,tulot,pääomatulot,osinkotulot,This row is created with new id. No comparison can be done.,This happens when owner or any source data field information changes i.e. amount or description
0163b7d4b85aab11ba96e643ecdcaabecc3decb16617892ba6228e052f8e5f1f,2023-06-16,O,OSINKO,88.56,15,mkk,tulot,pääomatulot,osinkotulot,This row is created with new id. No comparison can be done.,This happens when owner or any source data field information changes i.e. amount or description
702bb34834278aa6c4e20a2c390f91d6082d117064e053c773de49fbb761472d,2024-02-28,Oma tilisiirto,KORTTIOSTO,-500.0,16,mkk,pois,sisäinen tilisiirto,,This row is created with new id. No comparison can be done.,This happens when owner or any source data field information changes i.e. amount or description
3f974b2d35a84e69c258563bdab9073b49ea4ded7aec6fb157b00a49521082e6,2023-12-29,P.Ohatta,HYVITYSKORKO,0.36,5,mkk,tulot,passiiviset tulot,korkotulot,This row is created with new id. No comparison can be done.,This happens when owner or any source data field information changes i.e. amount or description
34958e928d6af5086a674a868d9d96f72e5fe4169d008ba089cfa51334cfa00e,2023-03-31,Palkka,Matkakorvauksia,200.0,21,mkk,tulot,ansiotulot,,This row is created with new id. No comparison can be done.,This happens when owner or any source data field information changes i.e. amount or description
454df0c9f9cbbd470a6786956831f2365c3b9b41ab8e37bd71578076193eee4b,2023-03-30,Palkka,,1000.0,21,mkk,tulot,ansiotulot,,This row is created with new id. No comparison can be done.,This happens when owner or any source data field information changes i.e. amount or description
19572cc3852a415a7a43f8836756b70f19072d1c2957114840252286080c5253,2024-12-01,Prisma,KORTTIOSTO,-500.0,4,mkk,menot,ruoka,ruoka,This row is created with new id. No comparison can be done.,This happens when owner or any source data field information changes i.e. amount or description
5f59adb9bbff219f570c28982cde3dc47be3622a1888a0b558716e90906c509c,2023-01-01,Prisma,KORTTIOSTO,-500.0,4,mkk,menot,ruoka,ruoka,This row is created with new id. No comparison can be done.,This happens when owner or any source data field information changes i.e. amount or description
eb26fe214fb48f0e935d0a1b7c2e40fe16776c79d4586a1885eda27d02d45074,2023-05-01,Prisma,KORTTIOSTO,-500.0,4,mkk,menot,ruoka,ruoka,This row is created with new id. No comparison can be done.,This happens when owner or any source data field information changes i.e. amount or description
31bd77f649db945fb172d8e1d8094c78c416ecae7c1d0a6b086bb18e9551fd3d,2023-02-01,Prisma,KORTTIOSTO,-500.0,4,mkk,menot,ruoka,ruoka,This row is created with new id. No comparison can be done.,This happens when owner or any source data field information changes i.e. amount or description
366ea1fa7e0122fafd9c41a46256b1589e758b867609e27283ec8539bc8e6d68,2024-11-01,Prisma,KORTTIOSTO,-500.0,4,mkk,menot,ruoka,ruoka,This row is created with new id. No comparison can be done.,This happens when owner or any source data field information changes i.e. amount or description
542979a2529821aef7a973824f67cf2daea6871d6a33e17ac97b1ae797bcc074,2023-06-01,Prisma,KORTTIOSTO,-500.0,4,mkk,menot,ruoka,ruoka,This row is created with new id. No comparison can be done.,This happens when owner or any source data field information changes i.e. amount or description
fd0e7a6c0f7ff4cdfd7a3745306a8a8cfe302c95b4edff1b22183df03102fb1c,2023-12-01,Prisma,KORTTIOSTO,-1500.0,4,mkk,menot,ruoka,ruoka,This row is created with new id. No comparison can be done.,This happens when owner or any source data field information changes i.e. amount or description
ef8afef3f65074ab547d17b82dcd7061b52e5597e0a62c438c31cbfc05ee0e02,2023-11-01,Prisma,KORTTIOSTO,-1500.0,4,mkk,menot,ruoka,ruoka,This row is created with new id. No comparison can be done.,This happens when owner or any source data field information changes i.e. amount or description
1b5da416110465df211cdaf3a57de54a9e25ac6ddd74b60c17522a5b28519f1c,2023-10-01,Prisma,KORTTIOSTO,-1500.0,4,mkk,menot,ruoka,ruoka,This row is created with new id. No comparison can be done.,This happens when owner or any source data field information changes i.e. amount or description
9345633e0f60a20c0c554fbd9d77c1f34f64079f3c32889665379c28335d3ec2,2023-09-01,Prisma,KORTTIOSTO,-1500.0,4,mkk,menot,ruoka,ruoka,This row is created with new id. No comparison can be done.,This happens when owner or any source data field information changes i.e. amount or description
dd3c2318a417008fbbef06fcf9ca20534dc51d3a1678fe40547de5264a1df048,2023-08-01,Prisma,KORTTIOSTO,-1500.0,4,mkk,menot,ruoka,ruoka,This row is created with new id. No comparison can be done.,This happens when owner or any source data field information changes i.e. amount or description
e86a976078533dde734f42810ddfbdc3b7c093e5b8335337cc6e591f3b7caad9,2023-07-01,Prisma,KORTTIOSTO,-1500.0,4,mkk,menot,ruoka,ruoka,This row is created with new id. No comparison can be done.,This happens when owner or any source data field information changes i.e. amount or description
80f08d65cda8b59b89b56de43154a8467bc4b34956f6c66df60d2fa174e14e14,2023-04-01,Prisma,KORTTIOSTO,-500.0,4,mkk,menot,ruoka,ruoka,This row is created with new id. No comparison can be done.,This happens when owner or any source data field information changes i.e. amount or description
e2aaba9e5cd203717eedf93862bcfc6c8a56d026fd458360100c5c4cb48d9758,2024-02-01,Prisma,KORTTIOSTO,-500.0,4,mkk,menot,ruoka,ruoka,This row is created with new id. No comparison can be done.,This happens when owner or any source data field information changes i.e. amount or description
4edb78970b9f6a809373e98716054b416d5647edd9d5402d3115299292c7a68a,2024-03-01,Prisma,KORTTIOSTO,-500.0,4,mkk,menot,ruoka,ruoka,This row is created with new id. No comparison can be done.,This happens when owner or any source data field information changes i.e. amount or description
f3b6bbecf95ef6e30165e46e55862277b3c946e8a3cc85da8bd2fa6d88f335c7,2023-03-01,Prisma,KORTTIOSTO,-500.0,4,mkk,menot,ruoka,ruoka,This row is created with new id. No comparison can be done.,This happens when owner or any source data field information changes i.e. amount or description
e35671aa2cc85665784fcdb6ab7a283f06ae15600a3c372c7e74d6b110489492,2024-10-01,Prisma,KORTTIOSTO,-500.0,4,mkk,menot,ruoka,ruoka,This row is created with new id. No comparison can be done.,This happens when owner or any source data field information changes i.e. amount or description
0ddb30848086dd4d206e7b23b43d5f3f5181256f96433442fd3a618121995ee3,2024-05-01,Prisma,KORTTIOSTO,-500.0,4,mkk,menot,ruoka,ruoka,This row is created with new id. No comparison can be done.,This happens when owner or any source data field information changes i.e. amount or description
b5d7171d77426edafe0768b429ffcd5ab7c2f8c317b95fedd8c74040a5aadecf,2024-09-01,Prisma,KORTTIOSTO,-500.0,4,mkk,menot,ruoka,ruoka,This row is created with new id. No comparison can be done.,This happens when owner or any source data field information changes i.e. amount or description
6a28d92ab02c9f5e8493686571ade59effd85e63388688ff9fae079d38a37265,2024-06-01,Prisma,KORTTIOSTO,-500.0,4,mkk,menot,ruoka,ruoka,This row is created with new id. No comparison can be done.,This happens when owner or any source data field information changes i.e. amount or description
02fdbb4054afbb7d45137c05f7ba74274176842abcbebb686b21cad25c2d13ae,2024-07-01,Prisma,KORTTIOSTO,-500.0,4,mkk,menot,ruoka,ruoka,This row is created with new id. No comparison can be done.,This happens when owner or any source data field information changes i.e. amount or description
0dd019179c0dbd57ff9fa328276b6182083da173bdc7bdc40ddc06719f2a69a0,2024-04-01,Prisma,KORTTIOSTO,-500.0,4,mkk,menot,ruoka,ruoka,This row is created with new id. No comparison can be done.,This happens when owner or any source data field information changes i.e. amount or description
c2e8e12291e7c3a8cef72ef55793054285d109568adf8368540d64b17e778f3a,2024-08-01,Prisma,KORTTIOSTO,-500.0,4,mkk,menot,ruoka,ruoka,This row is created with new id. No comparison can be done.,This happens when owner or any source data field information changes i.e. amount or description
caafae4789188c757324b5686650644f3a089c1ae4320167d4ff94882644c9b5,2023-12-27,Puuilo,KORTTIOSTO,-19.9,9,mkk,menot,muut menot,,This row is created with new id. No comparison can be done.,This happens when owner or any source data field information changes i.e. amount or description
2cafe6b1c51b9300d7bcf49350fafb1f8d7b997c60a9365f019b393f006c0632,2023-03-11,Ruokakauppa,,-21.18,22,mkk,menot,ruoka,ruoka,This row is created with new id. No comparison can be done.,This happens when owner or any source data field information changes i.e. amount or description
795cabcb61124c108fedec76a1dd111f14568a6b76cf4de072df39fe1d95d025,2023-03-14,Ruokakauppa,,-33.9,22,mkk,menot,ruoka,ruoka,This row is created with new id. No comparison can be done.,This happens when owner or any source data field information changes i.e. amount or description
66e684e9bc606b2b6bd9f116ec547b9281efdcaf9137e6eccb114f6c91eab9d0,2023-03-28,Ruokakauppa,,-2.74,22,mkk,menot,ruoka,ruoka,This row is created with new id. No comparison can be done.,This happens when owner or any source data field information changes i.e. amount or description
8292b77dd246f5de2d7a7ffea3949669339fd1d0553eae0561fc946ebb03a776,2024-01-24,S-MARKET,XXXXX,-22.04,23,mkk,menot,ruoka,ruoka,This row is created with new id. No comparison can be done.,This happens when owner or any source data field information changes i.e. amount or description
5f47877396b0a94a3a1f67bb3b848e64a6cacf25e49417d94c5825f79b3e5d50,2024-01-31,S-Pankin saldo,,2000.0,6,mkk,varat,käteinen,s-pankki,This row is created with new id. No comparison can be done.,This happens when owner or any source data field information changes i.e. amount or description
97d98c322f39b6debc497e97d3aff7a70e762c63b9ef8a7843195da11233756c,2023-06-30,S-Pankin saldo,,447.0,6,mkk,varat,käteinen,s-pankki,This row is created with new id. No comparison can be done.,This happens when owner or any source data field information changes i.e. amount or description
d5e446d23533ed58c9a9c97005d282c9fca437fec2d0004d9742fc700354cb08,2023-10-31,S-Pankin saldo,,3103.0,6,mkk,varat,käteinen,s-pankki,This row is created with new id. No comparison can be done.,This happens when owner or any source data field information changes i.e. amount or description
4a6cb52b8232d02cf6ca60fbb9c6365506da35d2c9167710923314cfbf253c3a,2024-12-31,S-Pankin saldo,,3011.0,6,mkk,varat,käteinen,s-pankki,This row is created with new id. No comparison can be done.,This happens when owner or any source data field information changes i.e. amount or description
42c3c08cfa8254435cf295821c0309d199fdd6bbc15c06e3386023d3e8a0459a,2023-12-31,S-Pankin saldo,,3011.0,6,mkk,varat,käteinen,s-pankki,This row is created with new id. No comparison can be done.,This happens when owner or any source data field information changes i.e. amount or description
9490c13c8d769a2b6d832ac0cae54d242e1d87891f3b7cee0aa8c3ccf0cadc0d,2024-11-30,S-Pankin saldo,,1705.0,6,mkk,varat,käteinen,s-pankki,This row is created with new id. No comparison can be done.,This happens when owner or any source data field information changes i.e. amount or description
a9edbaba62c0faa4a0a1c2bdcdea7a0481fd4cc6aac6d658f91ba478aa541b65,2023-09-30,S-Pankin saldo,,9611.0,6,mkk,varat,käteinen,s-pankki,This row is created with new id. No comparison can be done.,This happens when owner or any source data field information changes i.e. amount or description
89e50df79bcb73d2f10b9aee221b7da46e825f223cd13bfe4446a45a0184c696,2023-11-30,S-Pankin saldo,,1705.0,6,mkk,varat,käteinen,s-pankki,This row is created with new id. No comparison can be done.,This happens when owner or any source data field information changes i.e. amount or description
55fbcb87b47056783d62f59d45ef621d439dd2f159be033da364b3154604f799,2023-07-31,S-Pankin saldo,,6680.0,6,mkk,varat,käteinen,s-pankki,This row is created with new id. No comparison can be done.,This happens when owner or any source data field information changes i.e. amount or description
5788885d98d43ab7417a0b6b48f907372720ddac226d3a057d6b222859c509e4,2023-08-31,S-Pankin saldo,,6533.0,6,mkk,varat,käteinen,s-pankki,This row is created with new id. No comparison can be done.,This happens when owner or any source data field information changes i.e. amount or description
8afab8f42964618446fe8def5a9d52892cc0bcf8dabb1a1045a01e3dd559a7d0,2024-10-31,S-Pankin saldo,,3103.0,6,mkk,varat,käteinen,s-pankki,This row is created with new id. No comparison can be done.,This happens when owner or any source data field information changes i.e. amount or description
e1d9a12def2f252983d120827becc16e0e100d0a4c36f51e237baa2af734311a,2024-02-28,S-Pankin saldo,,2225.0,6,mkk,varat,käteinen,s-pankki,This row is created with new id. No comparison can be done.,This happens when owner or any source data field information changes i.e. amount or description
d45523bf211211241a9fbe133cdf40d8e6e5585948b71ee295e07187555016d8,2024-05-31,S-Pankin saldo,,201.0,6,mkk,varat,käteinen,s-pankki,This row is created with new id. No comparison can be done.,This happens when owner or any source data field information changes i.e. amount or description
e1b60fcdc29a9441cf64f19d325928e59dca2ac2385edd77e932481236e41148,2023-05-31,S-Pankin saldo,,201.0,6,mkk,varat,käteinen,s-pankki,This row is created with new id. No comparison can be done.,This happens when owner or any source data field information changes i.e. amount or description
2082b008129fbd54588310577d936af6f27a57c6824e300f7ffeb67f2fdca066,2024-04-30,S-Pankin saldo,,2851.0,6,mkk,varat,käteinen,s-pankki,This row is created with new id. No comparison can be done.,This happens when owner or any source data field information changes i.e. amount or description
de0c1af71c53871931ccf9e7c75c34adf9c1de4a246b810f95b7a0c6237b2d6c,2024-03-31,S-Pankin saldo,,3925.0,6,mkk,varat,käteinen,s-pankki,This row is created with new id. No comparison can be done.,This happens when owner or any source data field information changes i.e. amount or description
c861fee18981c74e493abba55259bccefe0a3636c1b402dbb2c7b4a84c8d73aa,2024-07-31,S-Pankin saldo,,6680.0,6,mkk,varat,käteinen,s-pankki,This row is created with new id. No comparison can be done.,This happens when owner or any source data field information changes i.e. amount or description
8f392a4f30b0a2e39277d53ffc5f43d1cb7f4ceb5e367784f56369f44b9f2fa1,2024-08-31,S-Pankin saldo,,6533.0,6,mkk,varat,käteinen,s-pankki,This row is created with new id. No comparison can be done.,This happens when owner or any source data field information changes i.e. amount or description
fd5819d24579513e379f49c4b4699f4ea8dec657f651b76a57988057a1095b25,2023-01-31,S-Pankin saldo,,7460.0,6,mkk,varat,käteinen,s-pankki,This row is created with new id. No comparison can be done.,This happens when owner or any source data field information changes i.e. amount or description
760c2bf992b4db361462401f1d2e6abbf4c29efe00b816ec4ce27ec8e7309afa,2023-02-28,S-Pankin saldo,,497.0,6,mkk,varat,käteinen,s-pankki,This row is created with new id. No comparison can be done.,This happens when owner or any source data field information changes i.e. amount or description
40a542455cea1a62a50cffc20a7482ca1ace28241ecb2fefa974ddfdb60a728f,2024-09-30,S-Pankin saldo,,9611.0,6,mkk,varat,käteinen,s-pankki,This row is created with new id. No comparison can be done.,This happens when owner or any source data field information changes i.e. amount or description
488e3efb1ad80b3fafeeb84d03a0c3b39da1c558040b89fa1e303eca8c5454cf,2023-03-31,S-Pankin saldo,,3925.0,6,mkk,varat,käteinen,s-pankki,This row is created with new id. No comparison can be done.,This happens when owner or any source data field information changes i.e. amount or description
122f0419543e9e8b5aa2fafc9a74344dbafd4585a75f4251d541973ce8f00a5b,2023-04-30,S-Pankin saldo,,2851.0,6,mkk,varat,käteinen,s-pankki,This row is created with new id. No comparison can be done.,This happens when owner or any source data field information changes i.e. amount or description
3fba881c545ada773fcd2e8feb14eab5fd17bb9f619be6815c0734c49ecb51f5,2024-06-30,S-Pankin saldo,,447.0,6,mkk,varat,käteinen,s-pankki,This row is created with new id. No comparison can be done.,This happens when owner or any source data field information changes i.e. amount or description
dc2de59955ece2f3786709f02a81f9fe013862d225642521737958170c4b4662,2023-09-03,Spotify,DIGITAL GOODS – LARGE DIGITAL GOODS MERCHANT,-12.99,8,mkk,menot,media,musiikki,This row is created with new id. No comparison can be done.,This happens when owner or any source data field information changes i.e. amount or description
dcf9f8929c6dd83478b21179ad402dcaaae7ac49034614b01783d01a3b111331,2023-10-03,Spotify,DIGITAL GOODS – LARGE DIGITAL GOODS MERCHANT,-12.99,8,mkk,menot,media,musiikki,This row is created with new id. No comparison can be done.,This happens when owner or any source data field information changes i.e. amount or description
fb730f41fd427624400b1a9b5007f010d2867ce2429fb261c4d6aec7e5ee619e,2023-12-02,Spotify,DIGITAL GOODS – LARGE DIGITAL GOODS MERCHANT,-12.99,8,mkk,menot,media,musiikki,This row is created with new id. No comparison can be done.,This happens when owner or any source data field information changes i.e. amount or description
f3feb5cc11014ba93c852967557e820294b79a46b6f034b2a844c2a5a843c2b5,2023-06-05,Spotify,DIGITAL GOODS – LARGE DIGITAL GOODS MERCHANT,-12.99,8,mkk,menot,media,musiikki,This row is created with new id. No comparison can be done.,This happens when owner or any source data field information changes i.e. amount or description
ea52539c804ac2d89e14a908c0a2c81358e6a29b26fa10b68480336620aab0df,2023-02-05,Spotify,DIGITAL GOODS – LARGE DIGITAL GOODS MERCHANT,-12.99,8,mkk,menot,media,musiikki,This row is created with new id. No comparison can be done.,This happens when owner or any source data field information changes i.e. amount or description
0376432788a19285001e1f37fdf63549bd25cec995d78fae379ecda53b8b4acc,2023-07-05,Spotify,DIGITAL GOODS – LARGE DIGITAL GOODS MERCHANT,-12.99,8,mkk,menot,media,musiikki,This row is created with new id. No comparison can be done.,This happens when owner or any source data field information changes i.e. amount or description
a2a720da08e019645ba16822437d169665faaf7ea2c21c6fb8ba0bd7a60316e5,2023-04-06,Spotify,DIGITAL GOODS – LARGE DIGITAL GOODS MERCHANT,-12.99,8,mkk,menot,media,musiikki,This row is created with new id. No comparison can be done.,This happens when owner or any source data field information changes i.e. amount or description
25165ba9a21def55af406634241f104a9fef9a415f468436d8854770f3e3c30b,2023-11-02,Spotify,DIGITAL GOODS – LARGE DIGITAL GOODS MERCHANT,-12.99,8,mkk,menot,media,musiikki,This row is created with new id. No comparison can be done.,This happens when owner or any source data field information changes i.e. amount or description
615274335a76ce21c4873c07bb8af88848a8383e1b2242d72ea135598066c1f1,2023-01-06,Spotify,DIGITAL GOODS – LARGE DIGITAL GOODS MERCHANT,-12.99,8,mkk,menot,media,musiikki,This row is created with new id. No comparison can be done.,This happens when owner or any source data field information changes i.e. amount or description
34f7415327bd99675055ad67268253ed4c26a2995a0a9b990c38309d1956b7a2,2023-03-07,Spotify,DIGITAL GOODS – LARGE DIGITAL GOODS MERCHANT,-12.99,8,mkk,menot,media,musiikki,This row is created with new id. No comparison can be done.,This happens when owner or any source data field information changes i.e. amount or description
94b7e0497c886e878333a451803c1ec88b0142dbc2310b0c82a70106463a4064,2023-05-06,Spotify,DIGITAL GOODS – LARGE DIGITAL GOODS MERCHANT,-12.99,8,mkk,menot,media,musiikki,This row is created with new id. No comparison can be done.,This happens when owner or any source data field information changes i.e. amount or description
59fab7ebf093c91d8755956e17b8466a06268d099691e668dccf2099cfe0d6b1,2023-08-04,Spotify,DIGITAL GOODS – LARGE DIGITAL GOODS MERCHANT,-12.99,8,mkk,menot,media,musiikki,This row is created with new id. No comparison can be done.,This happens when owner or any source data field information changes i.e. amount or description
c5c14d992aaf244312c8bf36745fb1247993e9af7158c7b71b0ec49bcb24c534,2023-03-15,Viihde,SkyShowtime ,-3.49,25,mkk,menot,viihde,,This row is created with new id. No comparison can be done.,This happens when owner or any source data field information changes i.e. amount or description
7881d75942a4e2a2fdf8cc85401b4708c0c416b2e19972e3fbfd4c3da9dcdecd,2023-03-01,Viihde,Netflix ,-15.99,25,mkk,menot,viihde,,This row is created with new id. No comparison can be done.,This happens when owner or any source data field information changes i.e. amount or description
36aa423e608fc15ad4d2dd6f9b670492acabadecd8ac99ec681dedd5d1d53710,2024-07-31,ansiotulot,,3000.0,12,mkk,tulot,ansiotulot,päivityö,This row is created with new id. No comparison can be done.,This happens when owner or any source data field information changes i.e. amount or description
0af2a9a16e633a8a0ae797a6a167172bcf37a0821ce97d40b00d8ebe06f83823,2024-11-30,ansiotulot,,3000.0,12,mkk,tulot,ansiotulot,päivityö,This row is created with new id. No comparison can be done.,This happens when owner or any source data field information changes i.e. amount or description
3a40150d6dd914fcb8704aec0c893148f625d156e2cbec829022423086cf93b4,2023-01-31,ansiotulot,,3000.0,12,mkk,tulot,ansiotulot,päivityö,This row is created with new id. No comparison can be done.,This happens when owner or any source data field information changes i.e. amount or description
7f4c16086b89cf9dd049bf8ac20d07f2101089adf90a7b64bdcd770d48bfdfdf,2023-02-28,ansiotulot,,3000.0,12,mkk,tulot,ansiotulot,päivityö,This row is created with new id. No comparison can be done.,This happens when owner or any source data field information changes i.e. amount or description
9bdcd381633be44ec22b6dab6e812bc7aa44965d1a3dcf1dc1fb6e739a1d6d52,2023-03-31,ansiotulot,,3000.0,12,mkk,tulot,ansiotulot,päivityö,This row is created with new id. No comparison can be done.,This happens when owner or any source data field information changes i.e. amount or description
361dc3c7920f3522738e8ccdfad282e964bc7f00f48bc42a5fd6b04d695a4bd2,2023-04-30,ansiotulot,,3000.0,12,mkk,tulot,ansiotulot,päivityö,This row is created with new id. No comparison can be done.,This happens when owner or any source data field information changes i.e. amount or description
cd436638b21af4c45bc00ea48fc6140c41f5cb75e8305c1367917f3740fcf327,2024-12-31,ansiotulot,,3000.0,12,mkk,tulot,ansiotulot,päivityö,This row is created with new id. No comparison can be done.,This happens when owner or any source data field information changes i.e. amount or description
ce80590cc285b5bb2510df9080a6e376394288002be9b82675cc3210736903cb,2023-06-30,ansiotulot,,3000.0,12,mkk,tulot,ansiotulot,päivityö,This row is created with new id. No comparison can be done.,This happens when owner or any source data field information changes i.e. amount or description
e31dd54dcde386195bd9832bf4373ad83dae839bae9bad0aa7f50b7bf7106b51,2023-07-31,ansiotulot,,3000.0,12,mkk,tulot,ansiotulot,päivityö,This row is created with new id. No comparison can be done.,This happens when owner or any source data field information changes i.e. amount or description
63163a17aac824cbf00f3e2df7325337449707c4041f75ebb8b5d4a04358912e,2023-08-31,ansiotulot,,3000.0,12,mkk,tulot,ansiotulot,päivityö,This row is created with new id. No comparison can be done.,This happens when owner or any source data field information changes i.e. amount or description
e4ff23135ae1f6b5a3225d5ab54a423762995c6fa959948d6662d5227ba1cdd3,2023-09-30,ansiotulot,,3000.0,12,mkk,tulot,ansiotulot,päivityö,This row is created with new id. No comparison can be done.,This happens when owner or any source data field information changes i.e. amount or description
18e22d8844c1a2c3c86b7833e0231ea368e51d7f7e0f472f1b6852dfd538465a,2023-10-31,ansiotulot,,3000.0,12,mkk,tulot,ansiotulot,päivityö,This row is created with new id. No comparison can be done.,This happens when owner or any source data field information changes i.e. amount or description
2a457c6a5a02455b1a48a164248de80d97522d618d600573fecf339e61ecdbe2,2023-11-30,ansiotulot,,3000.0,12,mkk,tulot,ansiotulot,päivityö,This row is created with new id. No comparison can be done.,This happens when owner or any source data field information changes i.e. amount or description
5bf07f13ee26336846e7af77f8152542f67da00b10544f600fad40f928601a1f,2023-05-31,ansiotulot,,3000.0,12,mkk,tulot,ansiotulot,päivityö,This row is created with new id. No comparison can be done.,This happens when owner or any source data field information changes i.e. amount or description
34b0dcb43a37d748293a8c0232244d9b2bab2db2eef28922efd9d23450271f07,2024-01-31,ansiotulot,,3500.0,12,mkk,tulot,ansiotulot,päivityö,This row is created with new id. No comparison can be done.,This happens when owner or any source data field information changes i.e. amount or description
a4b84b6608cd489607ec699f2d76ac38d81c999b3dc51b2c81d8e4add7393781,2024-02-28,ansiotulot,,3500.0,12,mkk,tulot,ansiotulot,päivityö,This row is created with new id. No comparison can be done.,This happens when owner or any source data field information changes i.e. amount or description
4ee489f207c605130025d846e5760f40f46dc8d0e334ff22017c7ba475fa807d,2024-03-31,ansiotulot,,3000.0,12,mkk,tulot,ansiotulot,päivityö,This row is created with new id. No comparison can be done.,This happens when owner or any source data field information changes i.e. amount or description
3e867d61cf643f5c65d68ef9440eeb4eb3d6ec5793c377e8c7290c4667ea25fc,2024-04-30,ansiotulot,,3000.0,12,mkk,tulot,ansiotulot,päivityö,This row is created with new id. No comparison can be done.,This happens when owner or any source data field information changes i.e. amount or description
ee2fbd489f0aab29d5ed1d7ad80aed9bb0a9f7b3622050a977c0a68e88350b05,2024-05-31,ansiotulot,,3000.0,12,mkk,tulot,ansiotulot,päivityö,This row is created with new id. No comparison can be done.,This happens when owner or any source data field information changes i.e. amount or description
0a1cc6df2464e3868a00b04174e96e2c3927b3607aa736be37d9e21ec3d4bc42,2024-06-30,ansiotulot,,3000.0,12,mkk,tulot,ansiotulot,päivityö,This row is created with new id. No comparison can be done.,This happens when owner or any source data field information changes i.e. amount or description
b000591235c79a01bd2ecb09632f9ad0a26011f933590fdd82ab6afbd9b46e8d,2024-08-31,ansiotulot,,3000.0,12,mkk,tulot,ansiotulot,päivityö,This row is created with new id. No comparison can be done.,This happens when owner or any source data field information changes i.e. amount or description
16c02c817131375cfeabe4a9e1ebed74913990b899bfde2e7e39c8de11905e2a,2024-09-30,ansiotulot,,3000.0,12,mkk,tulot,ansiotulot,päivityö,This row is created with new id. No comparison can be done.,This happens when owner or any source data field information changes i.e. amount or description
7ee46f79e55709594e8f47e6e73fc226b9319ee4e095971cec6ca5df038052da,2024-10-31,ansiotulot,,3000.0,12,mkk,tulot,ansiotulot,päivityö,This row is created with new id. No comparison can be done.,This happens when owner or any source data field information changes i.e. amount or description
966a573b2ed1b0154ee0a77ed21c9ff929d819d4b3016d78dcf773be65c0f9fe,2023-12-31,ansiotulot,,3000.0,12,mkk,tulot,ansiotulot,päivityö,This row is created with new id. No comparison can be done.,This happens when owner or any source data field information changes i.e. amount or description
10c6ec56020ca0ec6ab5b5c24d36d9135d9c23985294ec5c24ea1fb262a8ec37,2023-11-30,asuntolaina,,-85000.0,2,mkk,velat,asuntolaina,,This row is created with new id. No comparison can be done.,This happens when owner or any source data field information changes i.e. amount or description
5af712f5454b96cf083296671a82d441d4b102d181543d6dae87cf3cb23be38b,2023-12-31,asuntolaina,,-84500.0,2,mkk,velat,asuntolaina,,This row is created with new id. No comparison can be done.,This happens when owner or any source data field information changes i.e. amount or description
d80529dd7e187ecd0d49cd47048a7c58822a7ddd0029c17060cabaf03ad25d1b,2024-01-31,asuntolaina,,-84000.0,2,mkk,velat,asuntolaina,,This row is created with new id. No comparison can be done.,This happens when owner or any source data field information changes i.e. amount or description
013120c2925f085a250f70be5d4ee979b5294fbc380f59cbe24b7652bcec6684,2024-02-28,asuntolaina,,-83500.0,2,mkk,velat,asuntolaina,,This row is created with new id. No comparison can be done.,This happens when owner or any source data field information changes i.e. amount or description
fb4dedcab4ec22d79865cc9557aea58976cfbb4e82592ac658069af1b0626d45,2024-03-31,asuntolaina,,-83000.0,2,mkk,velat,asuntolaina,,This row is created with new id. No comparison can be done.,This happens when owner or any source data field information changes i.e. amount or description
1ad57707fc1153a46c6033650377ac72ed00b1e80f5dd345fe3c6c7c69ad070c,2024-10-31,asuntolaina,,-79500.0,2,mkk,velat,asuntolaina,,This row is created with new id. No comparison can be done.,This happens when owner or any source data field information changes i.e. amount or description
373da6cd234761b2d80506109cffda14a66d8aeda0925efab2667d1a6f664d0b,2024-05-31,asuntolaina,,-82000.0,2,mkk,velat,asuntolaina,,This row is created with new id. No comparison can be done.,This happens when owner or any source data field information changes i.e. amount or description
e974f2bb13978b7a6a6e0dba2660dc9540ae46a11842f73156ba5d26dba90578,2024-08-31,asuntolaina,,-80500.0,2,mkk,velat,asuntolaina,,This row is created with new id. No comparison can be done.,This happens when owner or any source data field information changes i.e. amount or description
eaf65219cf9bc1563ca453bc580fb581c44adcc5326a4d08e014bca824c572fe,2024-07-31,asuntolaina,,-81000.0,2,mkk,velat,asuntolaina,,This row is created with new id. No comparison can be done.,This happens when owner or any source data field information changes i.e. amount or description
34434c80fbfb9b3df46c92f102430371dde82ffb7150961ea4f10c65591ebbd3,2024-06-30,asuntolaina,,-81500.0,2,mkk,velat,asuntolaina,,This row is created with new id. No comparison can be done.,This happens when owner or any source data field information changes i.e. amount or description
bc04ef2de673f2b593dd2c1e2192f0ab264190d070d48bf3d45c634494f6e183,2024-04-30,asuntolaina,,-82500.0,2,mkk,velat,asuntolaina,,This row is created with new id. No comparison can be done.,This happens when owner or any source data field information changes i.e. amount or description
b85b17e6c490f0f9d49e24b4a149b5bf02a46e6bbf82c60658e600b2b50db07b,2023-10-31,asuntolaina,,-85500.0,2,mkk,velat,asuntolaina,,This row is created with new id. No comparison can be done.,This happens when owner or any source data field information changes i.e. amount or description
b289fdbef071c4a75d177b30ae3e710f42499424cad559a26bee662311b7b251,2024-09-30,asuntolaina,,-80000.0,2,mkk,velat,asuntolaina,,This row is created with new id. No comparison can be done.,This happens when owner or any source data field information changes i.e. amount or description
c4f52753f1c46b9306aea06f69e2817cc885b95bdab676c39126be8363c0e96b,2023-09-30,asuntolaina,,-86000.0,2,mkk,velat,asuntolaina,,This row is created with new id. No comparison can be done.,This happens when owner or any source data field information changes i.e. amount or description
63b59635175bedc748f67849dd9b8ba8ce4a4b2162f5203ca3ba62a72f9e1e98,2024-12-31,asuntolaina,,-78500.0,2,mkk,velat,asuntolaina,,This row is created with new id. No comparison can be done.,This happens when owner or any source data field information changes i.e. amount or description
b9c2adcdf0d8e77feff5ef9108345fe475c60b7a81617fff3715d544420ce20c,2023-07-31,asuntolaina,,-87000.0,2,mkk,velat,asuntolaina,,This row is created with new id. No comparison can be done.,This happens when owner or any source data field information changes i.e. amount or description
7c3541d24f3bae27fb90d877bd1d87fe5d9b589ee18f60f257c3ceb9b98161db,2023-06-30,asuntolaina,,-87500.0,2,mkk,velat,asuntolaina,,This row is created with new id. No comparison can be done.,This happens when owner or any source data field information changes i.e. amount or description
9b0aa6011a6112a1bdf85c342f374a2ed912882c1293c1f280a0ba69315b0e12,2023-05-31,asuntolaina,,-88000.0,2,mkk,velat,asuntolaina,,This row is created with new id. No comparison can be done.,This happens when owner or any source data field information changes i.e. amount or description
e9af65ccc79211dce38b1b462e19f901cb7faa2c6796e24719e85c671d6bb143,2023-04-30,asuntolaina,,-88500.0,2,mkk,velat,asuntolaina,,This row is created with new id. No comparison can be done.,This happens when owner or any source data field information changes i.e. amount or description
8c7abd552997b6fb000c0770a4b8e499fe434424e9356f79e83992018ab74e6b,2023-03-31,asuntolaina,,-89000.0,2,mkk,velat,asuntolaina,,This row is created with new id. No comparison can be done.,This happens when owner or any source data field information changes i.e. amount or description
9b8bc151871af73d27375fe55efb95b739579310d115d335f2cda8fb812368c2,2023-02-28,asuntolaina,,-89500.0,2,mkk,velat,asuntolaina,,This row is created with new id. No comparison can be done.,This happens when owner or any source data field information changes i.e. amount or description
43f6244f0adc498aafc5f9fce8b49f62f3e698c13f561bb05df8e65e55bafc5f,2023-01-31,asuntolaina,,-90000.0,2,mkk,velat,asuntolaina,,This row is created with new id. No comparison can be done.,This happens when owner or any source data field information changes i.e. amount or description
b0e92ff525eedc0cc4b4fc4f61348d466cbfbe42084e68c40e1cb097aeea9f74,2024-11-30,asuntolaina,,-79000.0,2,mkk,velat,asuntolaina,,This row is created with new id. No comparison can be done.,This happens when owner or any source data field information changes i.e. amount or description
1bf2e4975fd4276517e1707def9b5a774a3f366a5f90626e088eae8b139975e4,2023-08-31,asuntolaina,,-86500.0,2,mkk,velat,asuntolaina,,This row is created with new id. No comparison can be done.,This happens when owner or any source data field information changes i.e. amount or description
db04be4ff662eac6d2a12da34ada05998a1cc8549675c297012542084d5a1a93,2023-02-27,iShares Core MSCI World UCITS ETF USD (Acc),Salkku 3,18489.97,11,mkk,varat,sijoitusvarallisuus,kasvusalkku,This row is created with new id. No comparison can be done.,This happens when owner or any source data field information changes i.e. amount or description
07a649ada3b066d9e5c2cf360aa3a3d14f500d394f9184b915e14f32267ea4ac,2023-04-30,iShares Core MSCI World UCITS ETF USD (Acc),Salkku 3,18504.26,11,mkk,varat,sijoitusvarallisuus,kasvusalkku,This row is created with new id. No comparison can be done.,This happens when owner or any source data field information changes i.e. amount or description
a0cf295ee11f51e81bbe3701bbc8e81c7d3857bf5a71c8e523225376077c345a,2023-01-31,iShares Core MSCI World UCITS ETF USD (Acc),Salkku 3,18313.61,11,mkk,varat,sijoitusvarallisuus,kasvusalkku,This row is created with new id. No comparison can be done.,This happens when owner or any source data field information changes i.e. amount or description
45bc57c93769ce626b7ffc77df1175e447f8051e7a0d8de5f97ee97a51d2b11b,2023-03-31,iShares Core MSCI World UCITS ETF USD (Acc),Salkku 3,18456.37,11,mkk,varat,sijoitusvarallisuus,kasvusalkku,This row is created with new id. No comparison can be done.,This happens when owner or any source data field information changes i.e. amount or description
ec3d2c714822bfbf1a4f51ee3cd7a671d04687784d0629fecf9a806050347e90,2023-01-31,käteisellä lapaset,,-500.0,13,mkk,menot,vaatteet,,This row is created with new id. No comparison can be done.,This happens when owner or any source data field information changes i.e. amount or description
8ac6c0a62fc1e9221c7d748a68e19964e44995a7749434eb29af1d90dd50ba48,2024-02-28,maksoin yrityksen kuluja käteisellä,,-50.0,17,mkk,pois,yrityksen kulut,,This row is created with new id. No comparison can be done.,This happens when owner or any source data field information changes i.e. amount or description
e6f8aa09c6026da2ffd8f895abaa72c617a3c00d39a9df0d241c519094004c3f,2023-02-28,muuta,,-201.0,24,mkk,menot,muut,,This row is created with new id. No comparison can be done.,This happens when owner or any source data field information changes i.e. amount or description
