transaction_id,date,account,description,info,amount,class,category,sub_category,rule_id,source_file
ace5bff07bcfb85fd5e5354d028332a3e9c0d384b10547417097774a5bbb940f,2023-10-31,nnsr,Arbor Realty Trust,Salkku 1,7155.15,varat,sijoitusvarallisuus,osinkosalkku,10,nnsr.csv
12a18dd9a05a126bd1db199b50ebacf3ac06d811a01ef32bd1a874f7250a05cb,2023-08-31,nnsr,Arbor Realty Trust,Salkku 1,8830.95,varat,sijoitusvarallisuus,osinkosalkku,10,nnsr.csv
6cf5b9368b27c61b8b9a664e9ec262e89892251a57614b4673c84c783a201509,2023-02-27,nnsr,Arbor Realty Trust,Salkku 1,8552.46,varat,sijoitusvarallisuus,osinkosalkku,10,nnsr.csv
69cf16b04d508fd2b370f00f3e4f1b24416fb9c42b949bef9db00593818c3876,2023-12-31,nnsr,Arbor Realty Trust,Salkku 1,8249.99,varat,sijoitusvarallisuus,osinkosalkku,10,nnsr.csv
830d11c0a38dd3e971a1fbbdc768518205a8fefef385fe2e08970232995a3c7d,2024-02-28,nnsr,Arbor Realty Trust,Salkku 1,8239.58,varat,sijoitusvarallisuus,osinkosalkku,10,nnsr.csv
74d8e4624d8525c5f37c79c5a2968b6974e891f49db394c107eec4f4f24035de,2023-05-31,nnsr,Arbor Realty Trust,Salkku 1,7080.47,varat,sijoitusvarallisuus,osinkosalkku,10,nnsr.csv
dfb404c06cfb64376c51f0d467eb2eb1225cb5d47598f0dd66598081d00bbbd0,2023-04-30,nnsr,Arbor Realty Trust,Salkku 1,6245.23,varat,sijoitusvarallisuus,osinkosalkku,10,nnsr.csv
2fc34542f6a4ee6c55c5fcf8815389e7d58f23a24b90c405f3a56bd2263fdc16,2023-11-30,nnsr,Arbor Realty Trust,Salkku 1,6879.18,varat,sijoitusvarallisuus,osinkosalkku,10,nnsr.csv
57dc5e15e3a10dbb0864933b582d0fe21898b0db602a3038bb7e30ffd8483c43,2023-06-30,nnsr,Arbor Realty Trust,Salkku 1,8147.25,varat,sijoitusvarallisuus,osinkosalkku,10,nnsr.csv
08568b96583cd2e212060ff9d33d169d6693ab89b64cc6a483adc38bf18ce418,2023-09-30,nnsr,Arbor Realty Trust,Salkku 1,8614.75,varat,sijoitusvarallisuus,osinkosalkku,10,nnsr.csv
c4802f31174dcba7b17ddf3716469524f97ad52a8b5470902f4bdb799891cef0,2023-01-31,nnsr,Arbor Realty Trust,Salkku 1,8239.58,varat,sijoitusvarallisuus,osinkosalkku,10,nnsr.csv
b05e9de38921da5b0356d38d61679818a26e8f9b81402b650e38cb6c0eb55a36,2024-01-31,nnsr,Arbor Realty Trust,Salkku 1,8239.58,varat,sijoitusvarallisuus,osinkosalkku,10,nnsr.csv
50d5a8057b71e12c0d76eaf3a9811673d2217356fb05c72e70f842d49c78f902,2023-03-31,nnsr,Arbor Realty Trust,Salkku 1,6355.66,varat,sijoitusvarallisuus,osinkosalkku,10,nnsr.csv
6e375004ef78fb7891401b62622acb081ae388bdc92b0ba19e717a3a29568b73,2023-07-31,nnsr,Arbor Realty Trust,Salkku 1,9227.57,varat,sijoitusvarallisuus,osinkosalkku,10,nnsr.csv
50c346f646b9b471bbafefd818a247745404e11cfddcd1d50728c1995a714c1f,2023-07-31,varat,Asunto,,100000.0,varat,asunto,.*,1,varat.csv
923ac1325da12d28ac173af640ea3561aff539a515b23d0f111e474ab6b28585,2023-09-30,varat,Asunto,,100000.0,varat,asunto,.*,1,varat.csv
44f909236771e4b0dfaceeeaf8e312e374d380bb3827dba298fa01198ca95c78,2023-10-31,varat,Asunto,,100000.0,varat,asunto,.*,1,varat.csv
ec087aae975084d5bc1195ce4650004c46c73512562a4c0003d38776b48effca,2023-08-31,varat,Asunto,,100000.0,varat,asunto,.*,1,varat.csv
352d57d5f03e9e10d8bca7b9730c2dcaa79d3a6d825f87a6642f0ae49814a70e,2023-02-28,varat,Asunto,,100000.0,varat,asunto,.*,1,varat.csv
85aba269e6bba1d8f47f8ee83bbd72710f95a4de90750e12f20d9aae48296cd7,2024-02-28,varat,Asunto,,100000.0,varat,asunto,.*,1,varat.csv
7ebf2423269fd3603354f96e6fd996d1a55bccd5a0dcd0a609021c7554654015,2023-04-30,varat,Asunto,,100000.0,varat,asunto,.*,1,varat.csv
26d29db77b72ccf2d0eb0dd5b8c3384bf3ec6b173ca5819aca08361983234031,2023-12-31,varat,Asunto,,100000.0,varat,asunto,.*,1,varat.csv
4fcb2537445a1468193aecc5746f8e60b9808ad7f9c4a82e6485090e01908624,2023-11-30,varat,Asunto,,100000.0,varat,asunto,.*,1,varat.csv
e8ebbce8f8da75560327c56cd24ab2b39054d9b3ee5afb7f6947daf90d31cbe2,2023-05-31,varat,Asunto,,100000.0,varat,asunto,.*,1,varat.csv
a4d1997964e5580baced7085f566f9221f7ad8a9c6909785b1e07ea7fba8853e,2023-06-30,varat,Asunto,,100000.0,varat,asunto,.*,1,varat.csv
52ccf52db998094ea266c1ac2517a1f0f0cd2d05b8c3a0c9b1f42028cba0c60d,2024-03-31,varat,Asunto,,100000.0,varat,asunto,.*,1,varat.csv
586397a1b063736e6d9b97ce5a34c6db953780250abf1f9d5d97d4fa8b4caf7f,2024-01-31,varat,Asunto,,100000.0,varat,asunto,.*,1,varat.csv
6a0583f31371ca5e16467c4c23438c975d0bbf229fe069ccf13ace036c0dfec4,2023-03-31,varat,Asunto,,100000.0,varat,asunto,.*,1,varat.csv
9c7fe04337a383f22acd2c1426ab4e030a03d7a76f3cff9ea2e5c770b7239afe,2023-01-31,varat,Asunto,,100000.0,varat,asunto,.*,1,varat.csv
d5baeb85e02a6167e1c829abfb07161f859fae8cea7220e0c01e574c294db583,2023-12-31,nnsr,Bank Of Nova Scotia,Salkku 1,29314.14,varat,sijoitusvarallisuus,osinkosalkku,10,nnsr.csv
4ed1321341e3574e13c5d5dd75d069e984935a23a66caf857abb895ca75a229c,2023-06-30,nnsr,Bank Of Nova Scotia,Salkku 1,16046.62,varat,sijoitusvarallisuus,osinkosalkku,10,nnsr.csv
05d63d865a89428fb72f1b418d3bbfa09551be4ceb05b28b63ffd2cda140a794,2023-01-31,nnsr,Bank Of Nova Scotia,Salkku 1,17428.91,varat,sijoitusvarallisuus,osinkosalkku,10,nnsr.csv
82a88a6ddb34fcb3126a7decfdbc2af89d8a3f66f791f4f7f3973c47a926bcb4,2023-04-30,nnsr,Bank Of Nova Scotia,Salkku 1,15858.1,varat,sijoitusvarallisuus,osinkosalkku,10,nnsr.csv
791ad63d6d294485e993dda6c4b2d3fc51a2ac1fa2f3b02ca7fab7cf4c688139,2023-11-30,nnsr,Bank Of Nova Scotia,Salkku 1,27330.59,varat,sijoitusvarallisuus,osinkosalkku,10,nnsr.csv
fd7b39f7ac11208680531f6aaf75bad0ca7cef817142662918b97b4a961ff34a,2024-02-28,nnsr,Bank Of Nova Scotia,Salkku 1,17428.91,varat,sijoitusvarallisuus,osinkosalkku,10,nnsr.csv
96d13f38404adaf33c38a3595852a510f54b93437aad26ee3aa5740dff1e0c56,2023-02-27,nnsr,Bank Of Nova Scotia,Salkku 1,17372.94,varat,sijoitusvarallisuus,osinkosalkku,10,nnsr.csv
6be3d6bd009ed5ab5b1cef64b829a668a21cb467e8ac2d6cff6dedc5d421418e,2023-08-31,nnsr,Bank Of Nova Scotia,Salkku 1,29098.41,varat,sijoitusvarallisuus,osinkosalkku,10,nnsr.csv
884ff6324d609633de8258c55e18fd519784bfe04af0cf4afd44a6a27568b7e3,2023-03-31,nnsr,Bank Of Nova Scotia,Salkku 1,16251.22,varat,sijoitusvarallisuus,osinkosalkku,10,nnsr.csv
2a11f1a32ddfa5656e64318dae03ab1fec36c204cfe571524d3184ebb075eeb7,2023-10-31,nnsr,Bank Of Nova Scotia,Salkku 1,25456.68,varat,sijoitusvarallisuus,osinkosalkku,10,nnsr.csv
52f4e64c3a3610567ce398a603d8281ed1a2115b62a7d449011d03611325a38a,2023-07-31,nnsr,Bank Of Nova Scotia,Salkku 1,30456.51,varat,sijoitusvarallisuus,osinkosalkku,10,nnsr.csv
fdc9af768c6595a3385ece9ecb6fee061c2a79f4a813aabd0001ec2324bbf1c2,2023-05-31,nnsr,Bank Of Nova Scotia,Salkku 1,15819.42,varat,sijoitusvarallisuus,osinkosalkku,10,nnsr.csv
773dc0415214aaf749b6a5717d0169af3400dc63b199a8f642909f570f22288e,2024-01-31,nnsr,Bank Of Nova Scotia,Salkku 1,17428.91,varat,sijoitusvarallisuus,osinkosalkku,10,nnsr.csv
494edd5bd840c7328b4fd1c27a194b637b724df8c90e2e88767df47345084082,2023-09-30,nnsr,Bank Of Nova Scotia,Salkku 1,28192.33,varat,sijoitusvarallisuus,osinkosalkku,10,nnsr.csv
0fc6a10cc77e6cd713798a56d1e0114b13c591cfb123afb6d87896dd2f853182,2024-01-31,nnsr,CubeSmart,Salkku 1,6738.83,varat,sijoitusvarallisuus,osinkosalkku,10,nnsr.csv
1031f17ea9a7a57845fd3761345aedb53f8f454d16ab394ae91360407ed448c5,2023-01-31,nnsr,CubeSmart,Salkku 1,6738.83,varat,sijoitusvarallisuus,osinkosalkku,10,nnsr.csv
eb7cba040253743ed1a4ce1b877236207c6efd0793dea617a8ed3fea77eb5394,2023-12-31,nnsr,CubeSmart,Salkku 1,13014.93,varat,sijoitusvarallisuus,osinkosalkku,10,nnsr.csv
91c1d7767d13f98d713588f7ec41f9e2a46a6200904549256bf2a1255fb05252,2023-10-31,nnsr,CubeSmart,Salkku 1,5158.22,varat,sijoitusvarallisuus,osinkosalkku,10,nnsr.csv
c70ab8c90188809097465f53471aced7e6e74c35acdded89765e8a9a4dfa3fb9,2023-05-31,nnsr,CubeSmart,Salkku 1,6654.11,varat,sijoitusvarallisuus,osinkosalkku,10,nnsr.csv
3f59857d243f271dfae251ac2cde7430cfe5f70f3573c5ae81a6533de645ba81,2023-06-30,nnsr,CubeSmart,Salkku 1,6547.12,varat,sijoitusvarallisuus,osinkosalkku,10,nnsr.csv
c8290ad4cbcac1858d94d44677adc6dc95330c5c37798efce3686e50cb6f31b9,2023-11-30,nnsr,CubeSmart,Salkku 1,11323.45,varat,sijoitusvarallisuus,osinkosalkku,10,nnsr.csv
4dec9a6484bfa49402ee083abe8d664d3a9e5c50991ce7433ba1e6da91b110ba,2024-02-28,nnsr,CubeSmart,Salkku 1,6738.83,varat,sijoitusvarallisuus,osinkosalkku,10,nnsr.csv
0c1e8bdadef5c98c334eafc1fbdd7217e900c49db7e38d4b41a39098302ff4ee,2023-08-31,nnsr,CubeSmart,Salkku 1,6154.36,varat,sijoitusvarallisuus,osinkosalkku,10,nnsr.csv
c3846cff293ef0bd81f23cdd4c2575c45e4523fddcfe42b67949bc423557ce94,2023-02-27,nnsr,CubeSmart,Salkku 1,7034.91,varat,sijoitusvarallisuus,osinkosalkku,10,nnsr.csv
25a8c8404cb28ab3688ddbfe617c50d93717b698a67130a958530bf29a0ffceb,2023-03-31,nnsr,CubeSmart,Salkku 1,6817.72,varat,sijoitusvarallisuus,osinkosalkku,10,nnsr.csv
37ab4dc39d4929a26b7a5208d6bb7516fa1fe180d5fe4099d63684947debfc88,2023-07-31,nnsr,CubeSmart,Salkku 1,6309.6,varat,sijoitusvarallisuus,osinkosalkku,10,nnsr.csv
8df626d460c5ff3aae2d23e6009685aeaa6f8810aecc4f52ad6c599d2d593cca,2023-09-30,nnsr,CubeSmart,Salkku 1,5770.41,varat,sijoitusvarallisuus,osinkosalkku,10,nnsr.csv
bef92bd0e5d797ab415b99e8a1e1ae072c30ce0091c2097ab21544cc0a5c93c8,2023-04-30,nnsr,CubeSmart,Salkku 1,6604.95,varat,sijoitusvarallisuus,osinkosalkku,10,nnsr.csv
86664ba1df7611093a109b2c73e531d2f295ec95624d15289172ba395c76a845,2023-04-30,nnsr,Likvidit varat,Salkku 3,1692.41,varat,sijoitusvarallisuus,kasvusalkku,11,nnsr.csv
c54652c501176438d31170be8c8bdb8a7b5dc761332ab2cd241b5d7f5ae2c325,2023-01-31,nnsr,Likvidit varat,Salkku 3,1692.41,varat,sijoitusvarallisuus,kasvusalkku,11,nnsr.csv
8f2e0a987d9ae071a815de0b328214302cf0a034efe75893909745f05dd46be0,2023-02-27,nnsr,Likvidit varat,Salkku 3,1692.41,varat,sijoitusvarallisuus,kasvusalkku,11,nnsr.csv
8d62d2cad2558a4f5bf5403bfe1720b3535030a2fbfd305f2c606e50452c3f63,2023-03-31,nnsr,Likvidit varat,Salkku 3,1692.41,varat,sijoitusvarallisuus,kasvusalkku,11,nnsr.csv
7064b8289bdd37d62a05c9bae3721e7db926b4558025575798ebc7ab8bdef60c,2023-12-01,luottokortti,Netflix,MEMBER ORGANIZATIONS - DEF,-11.65,menot,media,suoratoisto,3,luottokortti.xlsx
31ded88a947ba6d449187069011bf7109b448f209392deed7f23813895b351f9,2023-07-04,luottokortti,Netflix,MEMBER ORGANIZATIONS - DEF,-11.65,menot,media,suoratoisto,3,luottokortti.xlsx
c1a812ef4a88ee0468616bc95d50120eb8457754ab0f363886aac4534b224656,2023-10-02,luottokortti,Netflix,MEMBER ORGANIZATIONS - DEF,-11.65,menot,media,suoratoisto,3,luottokortti.xlsx
88461a428b23a88964dc255e9f0cb3f8933cc6c60bc4d4f2678b021fe8767930,2023-06-04,luottokortti,Netflix,MEMBER ORGANIZATIONS - DEF,-11.65,menot,media,suoratoisto,3,luottokortti.xlsx
75104b54ac23d9105b774c774fa6dcf2c0d3ec4e8b83fe8997c4456a46a2b9cf,2023-05-05,luottokortti,Netflix,MEMBER ORGANIZATIONS - DEF,-11.65,menot,media,suoratoisto,3,luottokortti.xlsx
b20b41716e6bd3f3027685e744fce08d77c9060c985f6fc80ccb78bdf7cddca7,2023-09-02,luottokortti,Netflix,MEMBER ORGANIZATIONS - DEF,-11.65,menot,media,suoratoisto,3,luottokortti.xlsx
0e2d213ef47667fce37266c766bc14dbe287a0c151e6e02b572cab50b52a9d82,2023-11-01,luottokortti,Netflix,MEMBER ORGANIZATIONS - DEF,-11.65,menot,media,suoratoisto,3,luottokortti.xlsx
0a2c172ab146b7e9e790437a8dfb3e8b2bd5748583e426d0b90422524a7f11de,2023-03-06,luottokortti,Netflix,MEMBER ORGANIZATIONS - DEF,-11.65,menot,media,suoratoisto,3,luottokortti.xlsx
ebcf1f73cd3eebaddfea79e5969066cdf3dfb0fe7078e58f9667e37b3bcb31d0,2023-04-05,luottokortti,Netflix,MEMBER ORGANIZATIONS - DEF,-11.65,menot,media,suoratoisto,3,luottokortti.xlsx
5d4b214df82d83756d3293a203fa2379e064c392e68df0f1c57534e3f1dd0bc4,2023-02-04,luottokortti,Netflix,MEMBER ORGANIZATIONS - DEF,-11.65,menot,media,suoratoisto,3,luottokortti.xlsx
97ae2b4d3ad838ddfccba057d33be8085d75ee9ec8e2deddfc45552b535debbc,2023-01-05,luottokortti,Netflix,MEMBER ORGANIZATIONS - DEF,-11.65,menot,media,suoratoisto,3,luottokortti.xlsx
41ddb5cc33242a10641411ce19ee09f994cb6bfb4870c1a389f294cf7a29bab9,2023-08-03,luottokortti,Netflix,MEMBER ORGANIZATIONS - DEF,-11.65,menot,media,suoratoisto,3,luottokortti.xlsx
5b68cd8d2304376f0585d9836bc55c539e4147df1d05b835aa544ef6a0a485b7,2024-02-28,varat,Nordean sijoitukset,,22893.0,varat,sijoitusvarallisuus,osakkeet,7,varat.csv
08496c298665f49b9cf31b7a98db7b1752b8211d6ca4a72672e7b6ffa4c2fa82,2023-06-30,varat,Nordean sijoitukset,,16529.0,varat,sijoitusvarallisuus,osakkeet,7,varat.csv
56710a8982dba57e2869cb0a9788c2331473a7ced4778ea1c4b5b4018c38bb40,2023-04-30,varat,Nordean sijoitukset,,13954.0,varat,sijoitusvarallisuus,osakkeet,7,varat.csv
ab2c4af32cd00887e7643b17e615fc009f0267b4fb553103f0d459eed14a0229,2023-03-31,varat,Nordean sijoitukset,,12471.0,varat,sijoitusvarallisuus,osakkeet,7,varat.csv
3c7a6e1f0b957dd12c5f1a6a80a026517bf0900c754c398057c580088f84ca53,2023-05-31,varat,Nordean sijoitukset,,15228.0,varat,sijoitusvarallisuus,osakkeet,7,varat.csv
e1f754dde65e6b54a504e278436416e48b51c9c6c237a14dc65e1c2b87179933,2024-03-31,varat,Nordean sijoitukset,,243893.0,varat,sijoitusvarallisuus,osakkeet,7,varat.csv
88981848cf6f41617e59daf533eba7206e6e23e4f8bfdc3a9abc754aef3eb242,2023-08-31,varat,Nordean sijoitukset,,18713.0,varat,sijoitusvarallisuus,osakkeet,7,varat.csv
e8fdddff9dd809d19af17eba8ade12fe6e46ebf9995a0c1f83acce6ed6c42b38,2023-01-31,varat,Nordean sijoitukset,,10000.0,varat,sijoitusvarallisuus,osakkeet,7,varat.csv
035105cabae28cd7297e53dca57b91365e1a5c6e1d8a43f4b07bc382530ac403,2024-01-31,varat,Nordean sijoitukset,,23893.0,varat,sijoitusvarallisuus,osakkeet,7,varat.csv
48ef15814c8c95b5511f84c78288147c0f47a30fa1557830cb204f15ef0ce02b,2023-12-31,varat,Nordean sijoitukset,,23593.0,varat,sijoitusvarallisuus,osakkeet,7,varat.csv
85455bd9ee37cff791317a632677c75351c8178d31ecde8430914703a7e37b3f,2023-11-30,varat,Nordean sijoitukset,,22934.0,varat,sijoitusvarallisuus,osakkeet,7,varat.csv
eeb7384395d61bd47f6144680fa3a17139515a4e44f3b7428f2b7cdd892a2215,2023-07-31,varat,Nordean sijoitukset,,18019.0,varat,sijoitusvarallisuus,osakkeet,7,varat.csv
13bbc414d7ba82eda4a17140e49c5bd3b60c20470e86fe455d6486c2edb55e54,2023-10-31,varat,Nordean sijoitukset,,21624.0,varat,sijoitusvarallisuus,osakkeet,7,varat.csv
6045c8e0f6d9ba1e9d3f0508a2fa9df66bbd9338ac5f01c62fe877188e327b04,2023-09-30,varat,Nordean sijoitukset,,20145.0,varat,sijoitusvarallisuus,osakkeet,7,varat.csv
1df03900348969e70545f2f0fdc17cfc455b7cc843fb593acf792994c8a5791d,2023-02-28,varat,Nordean sijoitukset,,11085.0,varat,sijoitusvarallisuus,osakkeet,7,varat.csv
740a84cde6cf86c1836575f2fdedcf2a014710d1d1b6a469ddd530c8154fa116,2024-01-16,osingot,O,OSINKO,87.35,tulot,pääomatulot,osingot,14,osingot-2023_01-2023_06.csv
6a9e4f2e83cf209d69b9aa8b39edfe5878bb08bb9bd6ef37d18227e6a870ae8a,2024-01-16,osingot,O,ENNAKKOPIDÄTYS,-13.1,tulot,pääomatulot,osingot,14,osingot-2023_01-2023_06.csv
8bbc41cfb3ddc8a47412a7edc4215b0c9891f241cae0c1bd57a4c3a5a2ed3a61,2023-01-16,osingot,O,OSINKO,87.35,tulot,pääomatulot,osingot,14,osingot-2023_01-2023_06.csv
7a683d3e5d4639e352b9a330ccf33f2cbce978439dda2a220d39431d3a265c33,2024-02-16,osingot,O,ENNAKKOPIDÄTYS,-13.22,tulot,pääomatulot,osingot,14,osingot-2023_01-2023_06.csv
cb83ed73ba2f40b6e02b88cb7ca015314532a7944013a63e28df5001fdad228d,2023-06-16,osingot,O,ENNAKKOPIDÄTYS,-13.28,tulot,pääomatulot,osingot,14,osingot-2023_01-2023_06.csv
002f396343c0b8f42c277fffcc3bf8ccfed735630f79a3f56854c308a908034f,2023-06-16,osingot,O,OSINKO,88.56,tulot,pääomatulot,osingot,14,osingot-2023_01-2023_06.csv
b7701e56dad0403b548710b6342b5499632fcfb3b17a3fbe43d2509ea4191862,2023-05-16,osingot,O,ENNAKKOPIDÄTYS,-13.36,tulot,pääomatulot,osingot,14,osingot-2023_01-2023_06.csv
2cf35908830b491d0a092b296cc09e10f2905152412df70686db86ce659a8677,2024-02-16,osingot,O,OSINKO,88.13,tulot,pääomatulot,osingot,14,osingot-2023_01-2023_06.csv
38b265ab5af9bbd6c47509522aefed9ab007aa51277defa26ba5355d00d6fc7f,2023-04-17,osingot,O,ENNAKKOPIDÄTYS,-13.22,tulot,pääomatulot,osingot,14,osingot-2023_01-2023_06.csv
62894e65e4f841cc3ccdd1ecff38fa13a4d64709cf1f8a4a8b335fe42d1e495a,2023-04-17,osingot,O,OSINKO,88.11,tulot,pääomatulot,osingot,14,osingot-2023_01-2023_06.csv
80f705ccb2624e8a977ecb157525c92fe567302203ffd4754b1cb61c3ee60c79,2023-05-16,osingot,O,OSINKO,89.05,tulot,pääomatulot,osingot,14,osingot-2023_01-2023_06.csv
bdb625d0bdba7660a18e86a57a74e763b6284e501da9eebc1659c542a7d7d7ae,2023-03-16,osingot,O,ENNAKKOPIDÄTYS,-13.66,tulot,pääomatulot,osingot,14,osingot-2023_01-2023_06.csv
dabcd5cbd25751707362b12cfddcf08d2caebd9e5092ef4743e02869a4d06245,2023-03-16,osingot,O,OSINKO,91.05,tulot,pääomatulot,osingot,14,osingot-2023_01-2023_06.csv
c79debfca1af152d93eb0362f22b568dd3067cab73cdf89854bad9106efc5323,2023-02-16,osingot,O,ENNAKKOPIDÄTYS,-13.22,tulot,pääomatulot,osingot,14,osingot-2023_01-2023_06.csv
3a8f5e94b442c3437a73da05e11c1ec0a39a9ba3712b33aaa1223927bda93df9,2023-02-16,osingot,O,OSINKO,88.13,tulot,pääomatulot,osingot,14,osingot-2023_01-2023_06.csv
ee58ee67b7dfae2c118f5bee539ce6ef1834252b541ad27f858ffc62f1aea027,2023-01-16,osingot,O,ENNAKKOPIDÄTYS,-13.1,tulot,pääomatulot,osingot,14,osingot-2023_01-2023_06.csv
62381d0cc838709635ef1ae8d5c29472354f47aa8fcee721d5cd97b9de9f2a04,2024-12-29,s-pankki,P.Ohatta,HYVITYSKORKO,0.36,tulot,passiiviset tulot,korkotulot,5,s-pankki_2024_01-2024_12.csv
abb019f8d8ba9f31e3554bfbf2b7a1fab21bb3ffa6893ae376becf0298b9dc52,2023-12-29,s-pankki,P.Ohatta,HYVITYSKORKO,0.36,tulot,passiiviset tulot,korkotulot,5,s-pankki_2023_07-2023_12.csv
fdbb58b57666c1790ab7cffc124ed5c65bfd44ae85ecdb5db66bce3f4e3e0b61,2024-06-01,s-pankki,Prisma,KORTTIOSTO,-500.0,menot,ruoka,ruoka,4,s-pankki_2024_01-2024_12.csv
9e75cbfa0780b48c93dfc4944764e925d73c1de60f0afc7b0d9ef22f47b9436c,2024-01-01,s-pankki,Prisma,KORTTIOSTO,-500.0,menot,ruoka,ruoka,4,s-pankki_2024_01-2024_12.csv
6cdd0d83874080c392813ef197f83e79b0f24452b7d1c2aefb8f313db240c6a4,2024-02-01,s-pankki,Prisma,KORTTIOSTO,-500.0,menot,ruoka,ruoka,4,s-pankki_2024_01-2024_12.csv
a46c803dede3371a371fc64f46f1f92f4b82ffc031760b697509ce7a74781977,2024-03-01,s-pankki,Prisma,KORTTIOSTO,-500.0,menot,ruoka,ruoka,4,s-pankki_2024_01-2024_12.csv
ddbaf2cd285449e29b7ef6f92c527f5d71377c4f224e720285b3d4a4413af2df,2024-04-01,s-pankki,Prisma,KORTTIOSTO,-500.0,menot,ruoka,ruoka,4,s-pankki_2024_01-2024_12.csv
84c04eeffb2b1e5ced7bafa7d05036889c2391e0967af02c105f762914b76207,2024-05-01,s-pankki,Prisma,KORTTIOSTO,-500.0,menot,ruoka,ruoka,4,s-pankki_2024_01-2024_12.csv
6b3ed2da78d3428ddbdb3b4bc787f0e3de5a554f135b8226de81c592cf9388eb,2024-07-01,s-pankki,Prisma,KORTTIOSTO,-500.0,menot,ruoka,ruoka,4,s-pankki_2024_01-2024_12.csv
1ff331cb3bdcf2266bc883147ddbfc8bb82b5307526884a7635102ac6c804cef,2023-01-01,s-pankki,Prisma,KORTTIOSTO,-500.0,menot,ruoka,ruoka,4,s-pankki_2023_01-2023_06.csv
e405901051c8c7916013448aa16b9fc84bc0cc81bd67e7f821ba2cdfc12322e3,2024-09-01,s-pankki,Prisma,KORTTIOSTO,-500.0,menot,ruoka,ruoka,4,s-pankki_2024_01-2024_12.csv
555bcce022de2d5d975945df86fc89d4abeb0aef30b3a18dacd5008597835c41,2023-10-01,s-pankki,Prisma,KORTTIOSTO,-500.0,menot,ruoka,ruoka,4,s-pankki_2023_07-2023_12.csv
110665b62348c29bfdbb8acc52cec17d11e1ad73607d1ca82dd2b52a7b2d386d,2023-09-01,s-pankki,Prisma,KORTTIOSTO,-500.0,menot,ruoka,ruoka,4,s-pankki_2023_07-2023_12.csv
520cc734c8c1b5c330d122dfba9f48e25ae14871f70fcd205c688631d017797d,2023-08-01,s-pankki,Prisma,KORTTIOSTO,-500.0,menot,ruoka,ruoka,4,s-pankki_2023_07-2023_12.csv
75338ae5df8dbb8c4e5270b71914558d4f7e8f84d5680835d6f5f47f5c760345,2023-02-01,s-pankki,Prisma,KORTTIOSTO,-500.0,menot,ruoka,ruoka,4,s-pankki_2023_01-2023_06.csv
c42cd106895232e660e9226f125497bfadc332a3da96e0e24c78b4c0eac68274,2023-03-01,s-pankki,Prisma,KORTTIOSTO,-500.0,menot,ruoka,ruoka,4,s-pankki_2023_01-2023_06.csv
b736036b5f63ed660a934f0e83a2b6c54051b15476e7448ed0eefc414f76e587,2023-04-01,s-pankki,Prisma,KORTTIOSTO,-500.0,menot,ruoka,ruoka,4,s-pankki_2023_01-2023_06.csv
56531ea702b26e6f700c8bc1ec7311a8b6ee26255c01f6b5c7e1bcc398020b27,2023-05-01,s-pankki,Prisma,KORTTIOSTO,-500.0,menot,ruoka,ruoka,4,s-pankki_2023_01-2023_06.csv
66e8987377d2acead476b003c76ed7ed4629d19aabf4819b0196d90b9109a4ac,2024-08-01,s-pankki,Prisma,KORTTIOSTO,-500.0,menot,ruoka,ruoka,4,s-pankki_2024_01-2024_12.csv
768e2d9672ac907b41b89922da766da76d3967ae3d0c873bc6dce8e89de30142,2023-06-01,s-pankki,Prisma,KORTTIOSTO,-500.0,menot,ruoka,ruoka,4,s-pankki_2023_01-2023_06.csv
56bab491b71d9b8ce3bdeb6427b6dc4326bbb986bc8fd376f14ee536c0d835fd,2023-12-01,s-pankki,Prisma,KORTTIOSTO,-500.0,menot,ruoka,ruoka,4,s-pankki_2023_07-2023_12.csv
6c8f9bab14c070025ba4ef48cc8f382bee63c5a34918f1208436ed63ececf944,2023-11-01,s-pankki,Prisma,KORTTIOSTO,-500.0,menot,ruoka,ruoka,4,s-pankki_2023_07-2023_12.csv
546b7c0050ac30e830872e0491aa91921d7bdca5f275bfcb4d70a3c2b1c7c740,2023-07-01,s-pankki,Prisma,KORTTIOSTO,-500.0,menot,ruoka,ruoka,4,s-pankki_2023_07-2023_12.csv
5ac49a77dbc5b349fa978d171c3c2b628c7834e4c856fb628f8c90bcc19433e7,2024-10-01,s-pankki,Prisma,KORTTIOSTO,-500.0,menot,ruoka,ruoka,4,s-pankki_2024_01-2024_12.csv
935b077ba8b9f93a9ddb231e2c5c852cf11e7b5e1d1212a44c41828170452f6c,2024-11-01,s-pankki,Prisma,KORTTIOSTO,-500.0,menot,ruoka,ruoka,4,s-pankki_2024_01-2024_12.csv
620ae7485e1d4b554de273d8b378e505ea04a1344b2b52c0ae74e17f50c78cd5,2024-12-01,s-pankki,Prisma,KORTTIOSTO,-500.0,menot,ruoka,ruoka,4,s-pankki_2024_01-2024_12.csv
1ad184966ed7ba3590792a4a372f920e8255ea816d4beecf8e8a9aa75ad7ee54,2023-12-27,s-pankki,Puuilo,KORTTIOSTO,-19.9,menot,muut menot,.*,9,s-pankki_2023_07-2023_12.csv
52adb8db940edade871860b19182a40aebedd118cda1d92a63fa786185c66e3f,2024-12-27,s-pankki,Puuilo,KORTTIOSTO,-19.9,menot,muut menot,.*,9,s-pankki_2024_01-2024_12.csv
3f9539384803f6263d17fb3b4a3a073418c0b03e0172f8139bebfc3604f09590,2023-03-31,varat,S-Pankin saldo,,3925.0,varat,käteinen,s-pankki,6,varat.csv
584818e118192bdb6ed97b0cfb2b1d0d48ad109b5b11bc53dcacf7273a183d81,2023-04-30,varat,S-Pankin saldo,,2851.0,varat,käteinen,s-pankki,6,varat.csv
921cec207bdb976d2c01a7bb663eaeff7b6140691baeef56e7588a770ae98195,2023-09-30,varat,S-Pankin saldo,,9611.0,varat,käteinen,s-pankki,6,varat.csv
a972d63e39242e3bbac204060daebda8974f7c2abb8bffd6b4d998a231549fef,2023-05-31,varat,S-Pankin saldo,,201.0,varat,käteinen,s-pankki,6,varat.csv
fb29feacb7275211a58f2a309efc4b896c1b4b9517505fc94fa3edd17bf7f989,2024-03-31,varat,S-Pankin saldo,,3400.0,varat,käteinen,s-pankki,6,varat.csv
46391e14caab7a2640a8d02c28072cbfe192b62621ca001778229a6c9a5afdd7,2024-02-28,varat,S-Pankin saldo,,2225.0,varat,käteinen,s-pankki,6,varat.csv
9924e571677474b6a259ec559c3dc5b3eead822dec85910b334bb0342fcfbf24,2024-01-31,varat,S-Pankin saldo,,2000.0,varat,käteinen,s-pankki,6,varat.csv
c3fc1d0c5b0a12023fea603fa65d9937b41e20c1c4ebf8d9c87d15a94ddd7665,2023-12-31,varat,S-Pankin saldo,,3011.0,varat,käteinen,s-pankki,6,varat.csv
dcc37f5c0ec178dbbc91f33dccb79689c4a7af920602d676730de200815cac3f,2023-11-30,varat,S-Pankin saldo,,1705.0,varat,käteinen,s-pankki,6,varat.csv
3440197d6dd557204188b52d3071ba580848a1e6fc1476d0daf27ab50099bb7a,2023-08-31,varat,S-Pankin saldo,,6533.0,varat,käteinen,s-pankki,6,varat.csv
69f13385b639c9585cfc1cab8aeeb2a661f3a03f4a216f71a455c4aa843ce89e,2023-10-31,varat,S-Pankin saldo,,3103.0,varat,käteinen,s-pankki,6,varat.csv
70798d2b65f78f79a4d91a53850e21ea2cefd961b6fb617f316db490ba2299a4,2023-07-31,varat,S-Pankin saldo,,6680.0,varat,käteinen,s-pankki,6,varat.csv
ee11163ada0dec91c9a9ca462d013503ce11347c0e1552c633a05645830f44ce,2023-06-30,varat,S-Pankin saldo,,447.0,varat,käteinen,s-pankki,6,varat.csv
2e068403ccdbf3fc3685ba4045a9634d9643f5eb731c804279a0a4ed70dc11f2,2023-01-31,varat,S-Pankin saldo,,7460.0,varat,käteinen,s-pankki,6,varat.csv
84da9186999acf081e9b563c2d1d1721b60158e11d6c36c28af3b04da4a0b5c1,2023-02-28,varat,S-Pankin saldo,,497.0,varat,käteinen,s-pankki,6,varat.csv
a97881ac20273d629d00970e10419b0f4cda73eb5ee017e9e31c61a623a50920,2023-02-05,luottokortti,Spotify,DIGITAL GOODS – LARGE DIGITAL GOODS MERCHANT,-12.99,menot,media,musiikki,8,luottokortti.xlsx
6eb672ac9f4fd82fa87c06681ccfd7259e4b2e779128354b0f2f3079431c2469,2023-03-07,luottokortti,Spotify,DIGITAL GOODS – LARGE DIGITAL GOODS MERCHANT,-12.99,menot,media,musiikki,8,luottokortti.xlsx
76dacca8d29e21866a95461649a8d24395c6aa3d547ea315c677f0e9baa7be06,2023-04-06,luottokortti,Spotify,DIGITAL GOODS – LARGE DIGITAL GOODS MERCHANT,-12.99,menot,media,musiikki,8,luottokortti.xlsx
7b0888fefe0079a0d0ddf1365cb2fea8ac22b2fca7987e36ab15a69306bd70a3,2023-05-06,luottokortti,Spotify,DIGITAL GOODS – LARGE DIGITAL GOODS MERCHANT,-12.99,menot,media,musiikki,8,luottokortti.xlsx
3ca8441b1bd20f2c3b9af3a9d1ebb72969951dc75efb77a27285cbdfb637fba8,2023-06-05,luottokortti,Spotify,DIGITAL GOODS – LARGE DIGITAL GOODS MERCHANT,-12.99,menot,media,musiikki,8,luottokortti.xlsx
853798b8d7bbc382b5d7bb7faf45a93335e91a3a10b9a3ee2d53fa439e6da665,2023-07-05,luottokortti,Spotify,DIGITAL GOODS – LARGE DIGITAL GOODS MERCHANT,-12.99,menot,media,musiikki,8,luottokortti.xlsx
56671f7e7eea1ac0608ea5f9f22b2ff99d1a08dc902b636751ba4c18b1d1475a,2023-09-03,luottokortti,Spotify,DIGITAL GOODS – LARGE DIGITAL GOODS MERCHANT,-12.99,menot,media,musiikki,8,luottokortti.xlsx
75a3989c5e9ed99d9ca548e36d9b3b0a75d2447d7f240bb9bf57365ffd32c67f,2023-10-03,luottokortti,Spotify,DIGITAL GOODS – LARGE DIGITAL GOODS MERCHANT,-12.99,menot,media,musiikki,8,luottokortti.xlsx
a6ec8f7a2621b99e0c6bed056062ea9cdda8563c99330790eacf1ace04813a99,2023-11-02,luottokortti,Spotify,DIGITAL GOODS – LARGE DIGITAL GOODS MERCHANT,-12.99,menot,media,musiikki,8,luottokortti.xlsx
787d261fabb57f4ad8e800c9c196fe5f0018ca11b0547e35ab19dc2e90f7f843,2023-12-02,luottokortti,Spotify,DIGITAL GOODS – LARGE DIGITAL GOODS MERCHANT,-12.99,menot,media,musiikki,8,luottokortti.xlsx
f42f5dc69afcd8654da3436dcfba97da1f765fcc077499c359d871452f691824,2023-08-04,luottokortti,Spotify,DIGITAL GOODS – LARGE DIGITAL GOODS MERCHANT,-12.99,menot,media,musiikki,8,luottokortti.xlsx
7029b993419a0d926bf1c4d49d5343d3f4052551fa2385e4571a65aa3e9d216d,2023-01-06,luottokortti,Spotify,DIGITAL GOODS – LARGE DIGITAL GOODS MERCHANT,-12.99,menot,media,musiikki,8,luottokortti.xlsx
6e7c2033c3e92202cd90c018275f137ec93e0f8ccef6fc2f84c369abe89b2e50,2023-03-31,tulot,ansiotulot,,3000.0,tulot,ansiotulot,päivityö,12,tulot.csv
b3df2d25dbc3fd612bce01043db4ce916e5727e556089cc51fcbd5b5ace5d9eb,2023-06-30,tulot,ansiotulot,,3000.0,tulot,ansiotulot,päivityö,12,tulot.csv
e34d044efb961af5f04b16efb683d5d0bdc77bad5115bc6a7f84e8955c7eb5f1,2023-04-30,tulot,ansiotulot,,3000.0,tulot,ansiotulot,päivityö,12,tulot.csv
bb98627fc44a8e83178bfbee4e84d880467c1731eec9fddb48bc1d540e82b536,2023-02-28,tulot,ansiotulot,,3000.0,tulot,ansiotulot,päivityö,12,tulot.csv
c256d867aa8df8a411fcf62f10aa9a22d4bc9bbc97e99bf44255db6cbfec11c5,2023-01-31,tulot,ansiotulot,,3000.0,tulot,ansiotulot,päivityö,12,tulot.csv
2f3e8a26ba15b07308d8c659fa48a540f17d5736750f45e20eddb24d6eb9cf5b,2023-05-31,tulot,ansiotulot,,3000.0,tulot,ansiotulot,päivityö,12,tulot.csv
15d3053ac38fb984e4f03cee1accb1bca85b62c35cee95f14b1c95499ed2b756,2023-07-31,tulot,ansiotulot,,3000.0,tulot,ansiotulot,päivityö,12,tulot.csv
3dcccf9343f6680dae3a1b0b111c71d0cc3069394e9d56345d9db636716fe699,2024-06-30,tulot,ansiotulot,,3500.0,tulot,ansiotulot,päivityö,12,tulot.csv
3f9d42a497bf4e212469c92f0ba9e0a372425bc6841bb2d32c7ca6e5cdbcce08,2024-05-31,tulot,ansiotulot,,3500.0,tulot,ansiotulot,päivityö,12,tulot.csv
dbcdb7bcc80af5eb36784179a75b39a1739e3364531f0087efda0c50dcac02d4,2024-03-31,tulot,ansiotulot,,3500.0,tulot,ansiotulot,päivityö,12,tulot.csv
851be80e17a5344632e554a90bfc4bc114da5194aa83eff2a5063b40c81a7bda,2024-02-28,tulot,ansiotulot,,3500.0,tulot,ansiotulot,päivityö,12,tulot.csv
cdd11cbb48940141ab9d7dab4da6fea0561b14790343f52f676a24068bb97b01,2024-01-31,tulot,ansiotulot,,3500.0,tulot,ansiotulot,päivityö,12,tulot.csv
c3fcf2f33b8ccacbb25d412b338734663d9086f32192543e0f8bc467f9a74eb4,2023-12-31,tulot,ansiotulot,,3000.0,tulot,ansiotulot,päivityö,12,tulot.csv
5d7ce325c22ff0f391e843b32d7e77ebe214d9435cf91dbd41cf91aec338594a,2023-11-30,tulot,ansiotulot,,3000.0,tulot,ansiotulot,päivityö,12,tulot.csv
6dc36ba54dc138678830093a66feac85bf69881abf2bc0eb2c39b1050c00dd9f,2024-04-30,tulot,ansiotulot,,3500.0,tulot,ansiotulot,päivityö,12,tulot.csv
0772a7704f09c745459c6d1b4fd1ff356d21f2a185401f7bc4a1cab6c09e5d4b,2023-09-30,tulot,ansiotulot,,3000.0,tulot,ansiotulot,päivityö,12,tulot.csv
fd664e2811578098544914cbab9c437580886bc0447e5ccaf6a2bef660bfd7a9,2023-08-31,tulot,ansiotulot,,3000.0,tulot,ansiotulot,päivityö,12,tulot.csv
20b0a18db293e9373731dce23134eb7dc7c84f6da2ed9720a52336e2ad7fc24a,2023-10-31,tulot,ansiotulot,,3000.0,tulot,ansiotulot,päivityö,12,tulot.csv
220f9fec8020a9857515efaf01f98a336c2a845cbc9b2830bf620a8b0f14155d,2023-02-28,velat,asuntolaina,,-89500.0,velat,asuntolaina,.*,2,velat.csv
7d57ac69dcb59d988c0edc7efdca030b213130efbfdfac181e115d966e60fce6,2023-10-31,velat,asuntolaina,,-85500.0,velat,asuntolaina,.*,2,velat.csv
fc3c6d7b05d5ec8ac2e5b1f009ce9c741edb2a94e60615925e120b0c456825d2,2023-09-30,velat,asuntolaina,,-86000.0,velat,asuntolaina,.*,2,velat.csv
f52ebef0fdc2d267602266281ca51d5419318bbe28bb515aa5cc134aa210a267,2023-08-31,velat,asuntolaina,,-86500.0,velat,asuntolaina,.*,2,velat.csv
c363fa8d5d43da4af505297dd2718466fc8dd20938c2b8730d6542f5838b9a20,2023-07-31,velat,asuntolaina,,-87000.0,velat,asuntolaina,.*,2,velat.csv
19b881d99d694d1ebc7aeb8fbae5ed50cd6cdbe79187d2b64a33c83f766aa55f,2023-06-30,velat,asuntolaina,,-87500.0,velat,asuntolaina,.*,2,velat.csv
06248df2ccd0afd613bb4e05b75305470042d7f85420916ddb3dd0b259fda526,2023-05-31,velat,asuntolaina,,-88000.0,velat,asuntolaina,.*,2,velat.csv
d959a14a59e3b7639a5e4edc95c0f466ce39d419595fc601f4061d2e1279b279,2023-04-30,velat,asuntolaina,,-88500.0,velat,asuntolaina,.*,2,velat.csv
fb651b0f24f6d196dd3cbf2314fc0f9d385904d8fc39bc7feca3c322c7ba5c8c,2023-12-31,velat,asuntolaina,,-84500.0,velat,asuntolaina,.*,2,velat.csv
7575256b21545b5911dc622c54f6dd0348ecd44f03f6d7330e9e609fe9a5f463,2023-01-31,velat,asuntolaina,,-90000.0,velat,asuntolaina,.*,2,velat.csv
7125830483e103ccdbe3a0af10f9c490cb7051e99363357f1f1bfde6d0107835,2023-11-30,velat,asuntolaina,,-85000.0,velat,asuntolaina,.*,2,velat.csv
0b20df0b26903fa3b1ec81497164358feb9931c5df27fc10ca17534a68aed850,2023-03-31,velat,asuntolaina,,-89000.0,velat,asuntolaina,.*,2,velat.csv
e99b4ddfafccfa4ecaab1ca08931bff51105d299f885579db7042987017be9ab,2023-02-27,nnsr,iShares Core MSCI World UCITS ETF USD (Acc),Salkku 3,18489.97,varat,sijoitusvarallisuus,kasvusalkku,11,nnsr.csv
ab121cd6ff223a1efaae03c57e8b21e35212f09027788d7ce1f8701cd51f7211,2023-04-30,nnsr,iShares Core MSCI World UCITS ETF USD (Acc),Salkku 3,18504.26,varat,sijoitusvarallisuus,kasvusalkku,11,nnsr.csv
07a037d045d8ec8d19438480cd2fe804038bc9f3efb719625946706f90cf0d01,2023-01-31,nnsr,iShares Core MSCI World UCITS ETF USD (Acc),Salkku 3,18313.61,varat,sijoitusvarallisuus,kasvusalkku,11,nnsr.csv
12a5e0635894b5d5a02e95a846f77daee3dac7f10eca01334db243b7035c3d35,2023-03-31,nnsr,iShares Core MSCI World UCITS ETF USD (Acc),Salkku 3,18456.37,varat,sijoitusvarallisuus,kasvusalkku,11,nnsr.csv
f33f956996518521444699a4ade65da95f36471710d8594909b32013824be9b2,2023-01-31,menot,käteisellä lapaset,,-500.0,menot,vaatteet,.*,13,menot.csv
2709f1bec7e9d175f3b6d1a8846b91d0533cffbdede30318cf0ad001183ae276,2023-02-28,menot,muuta,,-200.0,menot,muut menot,.*,14,menot.csv
